keyword,operation
7z compressor,compress
ai compressor,compress
apk compressor,compress
arw compressor,compress
audio compressor,compress
azw compressor,compress
azw3 compressor,compress
bz2 compressor,compress
bzip2 compressor,compress
cr2 compressor,compress
cr3 compressor,compress
csv compressor,compress
db compressor,compress
dmg compressor,compress
dng compressor,compress
doc compressor,compress
docx compressor,compress
dwg compressor,compress
dxf compressor,compress
eps compressor,compress
epub compressor,compress
excel compressor,compress
exe compressor,compress
folder compressor,compress
gz compressor,compress
gzip compressor,compress
html compressor,compress
icns compressor,compress
ico compressor,compress
image compressor,compress
indd compressor,compress
ipa compressor,compress
iso compressor,compress
json compressor,compress
jsonl compressor,compress
md compressor,compress
mobi compressor,compress
nef compressor,compress
obj compressor,compress
orf compressor,compress
pdfa compressor,compress
pps compressor,compress
ppsx compressor,compress
ppt compressor,compress
pptm compressor,compress
pptx compressor,compress
presentation compressor,compress
ps compressor,compress
psd compressor,compress
raf compressor,compress
rar compressor,compress
raw compressor,compress
rtf compressor,compress
rw2 compressor,compress
spreadsheet compressor,compress
sql compressor,compress
sqlite compressor,compress
stl compressor,compress
tar compressor,compress
tgz compressor,compress
txt compressor,compress
video compressor,compress
xlsx compressor,compress
xml compressor,compress
xz compressor,compress
yaml compressor,compress
yml compressor,compress
zip compressor,compress
zipx compressor,compress
zst compressor,compress
