domain,base_slug,status,existing_tool_id,existing_route,recommended_tool_id,recommended_route,recommended_name,is_adult,competitor_count,total_competitor_url_count,top_competitor,competitor_sites,content_angle,sample_competitor_urls
xvideos.com,xvideos,existing,download-xvideos-videos,/download-xvideos-videos,download-xvideos-videos,/download-xvideos-videos,XVideos Video Downloader,true,12,482,saveporn.net,saveporn.net|tubeninja.net|vidquickly.com|downloadtube.net|fetchfile.me|savethevideo.com|yt2save.com|badassdownloader.com|jaksta.com|pptube.org|pastedownload.com|tubeoffline.com,"XVideos adult video downloader page; emphasize public videos, privacy, HD/MP4 formats, no popups, browser extension CTA, and legal/adult disclaimer.",https://badassdownloader.com/xvideos/|https://badassdownloader.com/xvideos-es/|https://www.downloadtube.net/download-videos-from-xvideos/|https://www.downloadtube.net/how-do-i-download-from-xvideos/|https://www.downloadtube.net/de/laden-sie-videos-von-xvideos-herunter/|https://www.downloadtube.net/de/wie-lade-ich-von-xvideos-herunter/|https://www.downloadtube.net/zh/%E4%BB%8Exvideos%E4%B8%8B%E8%BD%BD%E8%A7%86%E9%A2%91/|https://www.downloadtube.net/zh/%E6%88%91%E5%A6%82%E4%BD%95%E4%BB%8Exvideos%E4%B8%8B%E8%BD%BD/
xhamster.com,xhamster,existing,download-xhamster-videos,/download-xhamster-videos,download-xhamster-videos,/download-xhamster-videos,xHamster Video Downloader,true,11,540,saveporn.net,saveporn.net|tubeninja.net|pornsaver.net|downloadtube.net|vidquickly.com|fetchfile.me|badassdownloader.com|jaksta.com|yt2save.com|pastedownload.com|tubeoffline.com,"xHamster adult video downloader page; emphasize public videos, privacy, HD/MP4 formats, no popups, browser extension CTA, and legal/adult disclaimer.",https://badassdownloader.com/xhamster/|https://badassdownloader.com/xhamster-desi/|https://www.downloadtube.net/download-videos-from-xhamster/|https://www.downloadtube.net/how-do-i-download-from-xhamster/|https://www.downloadtube.net/de/laden-sie-videos-von-xhamster-herunter/|https://www.downloadtube.net/de/wie-lade-ich-von-xhamster-herunter/|https://www.downloadtube.net/zh/%E4%BB%8Exhamster%E4%B8%8B%E8%BD%BD%E8%A7%86%E9%A2%91/|https://www.downloadtube.net/zh/%E6%88%91%E5%A6%82%E4%BD%95%E4%BB%8Exhamster%E4%B8%8B%E8%BD%BD/
redtube.com,redtube,existing,download-redtube-videos,/download-redtube-videos,download-redtube-videos,/download-redtube-videos,Redtube Video Downloader,true,11,475,saveporn.net,saveporn.net|tubeninja.net|vidquickly.com|downloadtube.net|fetchfile.me|savethevideo.com|jaksta.com|yt2save.com|badassdownloader.com|pastedownload.com|tubeoffline.com,"Redtube adult video downloader page; emphasize public videos, privacy, HD/MP4 formats, no popups, browser extension CTA, and legal/adult disclaimer.",https://badassdownloader.com/redtube/|https://www.downloadtube.net/download-videos-from-redtube/|https://www.downloadtube.net/how-do-i-download-from-redtube/|https://www.downloadtube.net/de/laden-sie-videos-von-redtube-herunter/|https://www.downloadtube.net/de/wie-lade-ich-von-redtube-herunter/|https://www.downloadtube.net/zh/%E4%BB%8Eredtube%E4%B8%8B%E8%BD%BD%E8%A7%86%E9%A2%91/|https://www.downloadtube.net/zh/%E6%88%91%E5%A6%82%E4%BD%95%E4%BB%8Eredtube%E4%B8%8B%E8%BD%BD/|https://www.downloadtube.net/es/descargar-videos-de-redtube/
xnxx.com,xnxx,existing,download-xnxx-videos,/download-xnxx-videos,download-xnxx-videos,/download-xnxx-videos,XNXX Video Downloader,true,10,500,saveporn.net,saveporn.net|tubeninja.net|downloadtube.net|vidquickly.com|fetchfile.me|savethevideo.com|yt2save.com|jaksta.com|badassdownloader.com|tubeoffline.com,"XNXX adult video downloader page; emphasize public videos, privacy, HD/MP4 formats, no popups, browser extension CTA, and legal/adult disclaimer.",https://badassdownloader.com/xnxx/|https://www.downloadtube.net/download-videos-from-xnxx/|https://www.downloadtube.net/how-do-i-download-from-xnxx/|https://www.downloadtube.net/de/laden-sie-videos-von-xnxx-herunter/|https://www.downloadtube.net/de/wie-lade-ich-von-xnxx-herunter/|https://www.downloadtube.net/zh/%E4%BB%8Exnxx%E4%B8%8B%E8%BD%BD%E8%A7%86%E9%A2%91/|https://www.downloadtube.net/zh/%E6%88%91%E5%A6%82%E4%BD%95%E4%BB%8Exnxx%E4%B8%8B%E8%BD%BD/|https://www.downloadtube.net/es/descargar-videos-de-xnxx/
youporn.com,youporn,existing,download-youporn-videos,/download-youporn-videos,download-youporn-videos,/download-youporn-videos,Youporn Video Downloader,true,10,438,saveporn.net,saveporn.net|tubeninja.net|downloadtube.net|vidquickly.com|fetchfile.me|savethevideo.com|jaksta.com|yt2save.com|badassdownloader.com|tubeoffline.com,"Youporn adult video downloader page; emphasize public videos, privacy, HD/MP4 formats, no popups, browser extension CTA, and legal/adult disclaimer.",https://badassdownloader.com/youporn/|https://www.downloadtube.net/download-videos-from-youporn/|https://www.downloadtube.net/how-do-i-download-from-youporn/|https://www.downloadtube.net/de/laden-sie-videos-von-youporn-herunter/|https://www.downloadtube.net/de/wie-lade-ich-von-youporn-herunter/|https://www.downloadtube.net/zh/%E4%BB%8Eyouporn%E4%B8%8B%E8%BD%BD%E8%A7%86%E9%A2%91/|https://www.downloadtube.net/zh/%E6%88%91%E5%A6%82%E4%BD%95%E4%BB%8Eyouporn%E4%B8%8B%E8%BD%BD/|https://www.downloadtube.net/es/descargar-videos-de-youporn/
pornhub.com,pornhub,existing,download-pornhub-videos,/download-pornhub-videos,download-pornhub-videos,/download-pornhub-videos,Pornhub Video Downloader,true,10,432,saveporn.net,saveporn.net|vidquickly.com|tubeninja.net|downloadtube.net|yt2save.com|pptube.org|jaksta.com|badassdownloader.com|pastedownload.com|tubeoffline.com,"Pornhub adult video downloader page; emphasize public videos, privacy, HD/MP4 formats, no popups, browser extension CTA, and legal/adult disclaimer.",https://badassdownloader.com/pornhub/|https://www.downloadtube.net/download-videos-from-pornhub/|https://www.downloadtube.net/how-do-i-download-from-pornhub/|https://www.downloadtube.net/de/laden-sie-videos-von-pornhub-herunter/|https://www.downloadtube.net/de/wie-lade-ich-von-pornhub-herunter/|https://www.downloadtube.net/zh/%E4%BB%8Epornhub%E4%B8%8B%E8%BD%BD%E8%A7%86%E9%A2%91/|https://www.downloadtube.net/zh/%E6%88%91%E5%A6%82%E4%BD%95%E4%BB%8Epornhub%E4%B8%8B%E8%BD%BD/|https://www.downloadtube.net/es/descargar-videos-de-pornhub/
spankbang.com,spankbang,existing,download-spankbang-videos,/download-spankbang-videos,download-spankbang-videos,/download-spankbang-videos,SpankBang Video Downloader,true,10,401,saveporn.net,saveporn.net|tubeninja.net|downloadtube.net|vidquickly.com|fetchfile.me|jaksta.com|yt2save.com|badassdownloader.com|pastedownload.com|tubeoffline.com,"SpankBang adult video downloader page; emphasize public videos, privacy, HD/MP4 formats, no popups, browser extension CTA, and legal/adult disclaimer.",https://badassdownloader.com/spankbang/|https://www.downloadtube.net/download-videos-from-spankbang/|https://www.downloadtube.net/how-do-i-download-from-spankbang/|https://www.downloadtube.net/de/laden-sie-videos-von-spankbang-herunter/|https://www.downloadtube.net/de/wie-lade-ich-von-spankbang-herunter/|https://www.downloadtube.net/zh/%E4%BB%8Espankbang%E4%B8%8B%E8%BD%BD%E8%A7%86%E9%A2%91/|https://www.downloadtube.net/zh/%E6%88%91%E5%A6%82%E4%BD%95%E4%BB%8Espankbang%E4%B8%8B%E8%BD%BD/|https://www.downloadtube.net/es/descargar-videos-de-spankbang/
motherless.com,motherless,existing,download-motherless-videos,/download-motherless-videos,download-motherless-videos,/download-motherless-videos,Motherless Video Downloader,true,9,141,vidquickly.com,vidquickly.com|tubeninja.net|downloadtube.net|fetchfile.me|jaksta.com|yt2save.com|badassdownloader.com|pptube.org|tubeoffline.com,"Motherless adult video downloader page; emphasize public videos, privacy, HD/MP4 formats, no popups, browser extension CTA, and legal/adult disclaimer.",https://badassdownloader.com/motherless/|https://www.downloadtube.net/download-videos-from-motherless/|https://www.downloadtube.net/how-do-i-download-from-motherless/|https://www.downloadtube.net/de/laden-sie-videos-von-motherless-herunter/|https://www.downloadtube.net/de/wie-lade-ich-von-motherless-herunter/|https://www.downloadtube.net/zh/%E4%BB%8Emotherless%E4%B8%8B%E8%BD%BD%E8%A7%86%E9%A2%91/|https://www.downloadtube.net/zh/%E6%88%91%E5%A6%82%E4%BD%95%E4%BB%8Emotherless%E4%B8%8B%E8%BD%BD/|https://www.downloadtube.net/es/descargar-videos-de-motherless/
tnaflix.com,tnaflix,existing,download-tnaflix-videos,/download-tnaflix-videos,download-tnaflix-videos,/download-tnaflix-videos,Tnaflix Video Downloader,true,9,141,vidquickly.com,vidquickly.com|tubeninja.net|downloadtube.net|fetchfile.me|jaksta.com|yt2save.com|badassdownloader.com|pptube.org|tubeoffline.com,"Tnaflix adult video downloader page; emphasize public videos, privacy, HD/MP4 formats, no popups, browser extension CTA, and legal/adult disclaimer.",https://badassdownloader.com/tnaflix/|https://www.downloadtube.net/download-videos-from-tnaflix/|https://www.downloadtube.net/how-do-i-download-from-tnaflix/|https://www.downloadtube.net/de/laden-sie-videos-von-tnaflix-herunter/|https://www.downloadtube.net/de/wie-lade-ich-von-tnaflix-herunter/|https://www.downloadtube.net/zh/%E4%BB%8Etnaflix%E4%B8%8B%E8%BD%BD%E8%A7%86%E9%A2%91/|https://www.downloadtube.net/zh/%E6%88%91%E5%A6%82%E4%BD%95%E4%BB%8Etnaflix%E4%B8%8B%E8%BD%BD/|https://www.downloadtube.net/es/descargar-videos-de-tnaflix/
youjizz.com,youjizz,existing,download-youjizz-videos,/download-youjizz-videos,download-youjizz-videos,/download-youjizz-videos,Youjizz Video Downloader,true,9,138,tubeninja.net,tubeninja.net|downloadtube.net|fetchfile.me|savethevideo.com|jaksta.com|yt2save.com|badassdownloader.com|pptube.org|tubeoffline.com,"Youjizz adult video downloader page; emphasize public videos, privacy, HD/MP4 formats, no popups, browser extension CTA, and legal/adult disclaimer.",https://badassdownloader.com/youjizz/|https://www.downloadtube.net/download-videos-from-youjizz/|https://www.downloadtube.net/how-do-i-download-from-youjizz/|https://www.downloadtube.net/de/laden-sie-videos-von-youjizz-herunter/|https://www.downloadtube.net/de/wie-lade-ich-von-youjizz-herunter/|https://www.downloadtube.net/zh/%E4%BB%8Eyoujizz%E4%B8%8B%E8%BD%BD%E8%A7%86%E9%A2%91/|https://www.downloadtube.net/zh/%E6%88%91%E5%A6%82%E4%BD%95%E4%BB%8Eyoujizz%E4%B8%8B%E8%BD%BD/|https://www.downloadtube.net/es/descargar-videos-de-youjizz/
eporner.com,eporner,existing,download-eporner-videos,/download-eporner-videos,download-eporner-videos,/download-eporner-videos,EPorner Video Downloader,true,9,135,vidquickly.com,vidquickly.com|tubeninja.net|downloadtube.net|fetchfile.me|jaksta.com|yt2save.com|badassdownloader.com|pptube.org|tubeoffline.com,"EPorner adult video downloader page; emphasize public videos, privacy, HD/MP4 formats, no popups, browser extension CTA, and legal/adult disclaimer.",https://badassdownloader.com/eporner/|https://www.downloadtube.net/download-videos-from-eporner/|https://www.downloadtube.net/how-do-i-download-from-eporner/|https://www.downloadtube.net/de/laden-sie-videos-von-eporner-herunter/|https://www.downloadtube.net/de/wie-lade-ich-von-eporner-herunter/|https://www.downloadtube.net/zh/%E4%BB%8Eeporner%E4%B8%8B%E8%BD%BD%E8%A7%86%E9%A2%91/|https://www.downloadtube.net/zh/%E6%88%91%E5%A6%82%E4%BD%95%E4%BB%8Eeporner%E4%B8%8B%E8%BD%BD/|https://www.downloadtube.net/es/descargar-videos-de-eporner/
beeg.com,beeg,existing,download-beeg-videos,/download-beeg-videos,download-beeg-videos,/download-beeg-videos,Beeg Video Downloader,true,9,80,tubeninja.net,tubeninja.net|downloadtube.net|fetchfile.me|jaksta.com|yt2save.com|badassdownloader.com|pastedownload.com|pptube.org|tubeoffline.com,"Beeg adult video downloader page; emphasize public videos, privacy, HD/MP4 formats, no popups, browser extension CTA, and legal/adult disclaimer.",https://badassdownloader.com/beeg/|https://www.downloadtube.net/download-videos-from-beeg/|https://www.downloadtube.net/how-do-i-download-from-beeg/|https://www.downloadtube.net/zh/%E4%BB%8Ebeeg%E4%B8%8B%E8%BD%BD%E8%A7%86%E9%A2%91/|https://www.downloadtube.net/zh/%E6%88%91%E5%A6%82%E4%BD%95%E4%BB%8Ebeeg%E4%B8%8B%E8%BD%BD/|https://www.downloadtube.net/es/c%C3%B3mo-puedo-descargar-desde-beeg/|https://www.downloadtube.net/ru/%D1%81%D0%BA%D0%B0%D1%87%D0%B0%D1%82%D1%8C-%D0%B2%D0%B8%D0%B4%D0%B5%D0%BE-%D1%81-beeg/|https://www.downloadtube.net/ru/%D0%BA%D0%B0%D0%BA-%D0%BC%D0%BD%D0%B5-%D1%81%D0%BA%D0%B0%D1%87%D0%B0%D1%82%D1%8C-%D1%81-beeg/
txxx.com,txxx,existing,download-txxx-videos,/download-txxx-videos,download-txxx-videos,/download-txxx-videos,Txxx Video Downloader,true,8,365,saveporn.net,saveporn.net|tubeninja.net|downloadtube.net|jaksta.com|pptube.org|yt2save.com|badassdownloader.com|tubeoffline.com,"Txxx adult video downloader page; emphasize public videos, privacy, HD/MP4 formats, no popups, browser extension CTA, and legal/adult disclaimer.",https://badassdownloader.com/txxx/|https://www.downloadtube.net/download-videos-from-txxx/|https://www.downloadtube.net/how-do-i-download-from-txxx/|https://www.downloadtube.net/de/laden-sie-videos-von-txxx-herunter/|https://www.downloadtube.net/de/wie-lade-ich-von-txxx-herunter/|https://www.downloadtube.net/zh/%E4%BB%8Etxxx%E4%B8%8B%E8%BD%BD%E8%A7%86%E9%A2%91/|https://www.downloadtube.net/zh/%E6%88%91%E5%A6%82%E4%BD%95%E4%BB%8Etxxx%E4%B8%8B%E8%BD%BD/|https://www.downloadtube.net/es/descargar-videos-de-txxx/
thisvid.com,thisvid,existing,download-thisvid-videos,/download-thisvid-videos,download-thisvid-videos,/download-thisvid-videos,Thisvid Video Downloader,true,8,72,tubeninja.net,tubeninja.net|downloadtube.net|jaksta.com|yt2save.com|badassdownloader.com|pastedownload.com|pptube.org|tubeoffline.com,"Thisvid adult video downloader page; emphasize public videos, privacy, HD/MP4 formats, no popups, browser extension CTA, and legal/adult disclaimer.",https://badassdownloader.com/thisvid/|https://www.downloadtube.net/download-videos-from-thisvid/|https://www.downloadtube.net/how-do-i-download-from-thisvid/|https://www.downloadtube.net/de/laden-sie-videos-von-thisvid-herunter/|https://www.downloadtube.net/de/wie-lade-ich-von-thisvid-herunter/|https://www.downloadtube.net/zh/%E4%BB%8Ethisvid%E4%B8%8B%E8%BD%BD%E8%A7%86%E9%A2%91/|https://www.downloadtube.net/zh/%E6%88%91%E5%A6%82%E4%BD%95%E4%BB%8Ethisvid%E4%B8%8B%E8%BD%BD/|https://www.downloadtube.net/es/descargar-videos-de-thisvid/
porntrex.com,porntrex,existing,download-porntrex-videos,/download-porntrex-videos,download-porntrex-videos,/download-porntrex-videos,Porntrex Video Downloader,true,7,119,vidquickly.com,vidquickly.com|tubeninja.net|downloadtube.net|yt2save.com|badassdownloader.com|pptube.org|tubeoffline.com,"Porntrex adult video downloader page; emphasize public videos, privacy, HD/MP4 formats, no popups, browser extension CTA, and legal/adult disclaimer.",https://badassdownloader.com/porntrex/|https://www.downloadtube.net/download-videos-from-porntrex/|https://www.downloadtube.net/how-do-i-download-from-porntrex/|https://www.downloadtube.net/de/laden-sie-videos-von-porntrex-herunter/|https://www.downloadtube.net/de/wie-lade-ich-von-porntrex-herunter/|https://www.downloadtube.net/zh/%E4%BB%8Eporntrex%E4%B8%8B%E8%BD%BD%E8%A7%86%E9%A2%91/|https://www.downloadtube.net/zh/%E6%88%91%E5%A6%82%E4%BD%95%E4%BB%8Eporntrex%E4%B8%8B%E8%BD%BD/|https://www.downloadtube.net/es/descargar-videos-de-porntrex/
manyvids.com,manyvids,existing,download-manyvids-videos,/download-manyvids-videos,download-manyvids-videos,/download-manyvids-videos,Manyvids Video Downloader,true,6,77,tubeninja.net,tubeninja.net|downloadtube.net|fetchfile.me|jaksta.com|yt2save.com|tubeoffline.com,"Manyvids adult video downloader page; emphasize public videos, privacy, HD/MP4 formats, no popups, browser extension CTA, and legal/adult disclaimer.",https://www.downloadtube.net/download-videos-from-manyvids/|https://www.downloadtube.net/how-do-i-download-from-manyvids/|https://www.downloadtube.net/zh/%E4%BB%8Emanyvids%E4%B8%8B%E8%BD%BD%E8%A7%86%E9%A2%91/|https://www.downloadtube.net/zh/%E6%88%91%E5%A6%82%E4%BD%95%E4%BB%8Emanyvids%E4%B8%8B%E8%BD%BD/|https://www.downloadtube.net/es/c%C3%B3mo-puedo-descargar-desde-manyvids/|https://www.downloadtube.net/ru/%D1%81%D0%BA%D0%B0%D1%87%D0%B0%D1%82%D1%8C-%D0%B2%D0%B8%D0%B4%D0%B5%D0%BE-%D1%81-manyvids/|https://www.downloadtube.net/ru/%D0%BA%D0%B0%D0%BA-%D0%BC%D0%BD%D0%B5-%D1%81%D0%BA%D0%B0%D1%87%D0%B0%D1%82%D1%8C-%D1%81-manyvids/|https://www.downloadtube.net/hi/manyvids-%E0%A4%B8%E0%A5%87-%E0%A4%B5%E0%A5%80%E0%A4%A1%E0%A4%BF%E0%A4%AF%E0%A5%8B-%E0%A4%A1%E0%A4%BE%E0%A4%89%E0%A4%A8%E0%A4%B2%E0%A5%8B%E0%A4%A1-%E0%A4%95%E0%A4%B0%E0%A5%87%E0%A4%82/
upornia.com,upornia,existing,download-upornia-videos,/download-upornia-videos,download-upornia-videos,/download-upornia-videos,Upornia Video Downloader,true,6,70,tubeninja.net,tubeninja.net|downloadtube.net|badassdownloader.com|yt2save.com|pptube.org|tubeoffline.com,"Upornia adult video downloader page; emphasize public videos, privacy, HD/MP4 formats, no popups, browser extension CTA, and legal/adult disclaimer.",https://badassdownloader.com/upornia/|https://badassdownloader.com/download-from-upornia-tube/|https://www.downloadtube.net/download-videos-from-upornia/|https://www.downloadtube.net/how-do-i-download-from-upornia/|https://www.downloadtube.net/de/laden-sie-videos-von-upornia-herunter/|https://www.downloadtube.net/de/wie-lade-ich-von-upornia-herunter/|https://www.downloadtube.net/zh/%E4%BB%8Eupornia%E4%B8%8B%E8%BD%BD%E8%A7%86%E9%A2%91/|https://www.downloadtube.net/zh/%E6%88%91%E5%A6%82%E4%BD%95%E4%BB%8Eupornia%E4%B8%8B%E8%BD%BD/
chaturbate.com,chaturbate,existing,download-chaturbate-videos,/download-chaturbate-videos,download-chaturbate-videos,/download-chaturbate-videos,Chaturbate Video Downloader,true,6,52,downloadtube.net,downloadtube.net|fetchfile.me|jaksta.com|yt2save.com|pptube.org|tubeoffline.com,"Chaturbate adult video downloader page; emphasize public videos, privacy, HD/MP4 formats, no popups, browser extension CTA, and legal/adult disclaimer.",https://www.downloadtube.net/download-videos-from-chaturbate/|https://www.downloadtube.net/how-do-i-download-from-chaturbate/|https://www.downloadtube.net/de/laden-sie-videos-von-chaturbate-herunter/|https://www.downloadtube.net/de/wie-lade-ich-von-chaturbate-herunter/|https://www.downloadtube.net/zh/%E4%BB%8Echaturbate%E4%B8%8B%E8%BD%BD%E8%A7%86%E9%A2%91/|https://www.downloadtube.net/zh/%E6%88%91%E5%A6%82%E4%BD%95%E4%BB%8Echaturbate%E4%B8%8B%E8%BD%BD/|https://www.downloadtube.net/es/descargar-videos-de-chaturbate/|https://www.downloadtube.net/es/c%C3%B3mo-puedo-descargar-desde-chaturbate/
erome.com,erome,existing,download-erome-videos,/download-erome-videos,download-erome-videos,/download-erome-videos,Erome Video Downloader,true,5,80,vidquickly.com,vidquickly.com|downloadtube.net|yt2save.com|pptube.org|tubeoffline.com,"Erome adult video downloader page; emphasize public videos, privacy, HD/MP4 formats, no popups, browser extension CTA, and legal/adult disclaimer.",https://www.downloadtube.net/download-videos-from-erome/|https://www.downloadtube.net/how-do-i-download-from-erome/|https://www.downloadtube.net/de/laden-sie-videos-von-erome-herunter/|https://www.downloadtube.net/de/wie-lade-ich-von-erome-herunter/|https://www.downloadtube.net/zh/%E4%BB%8Eerome%E4%B8%8B%E8%BD%BD%E8%A7%86%E9%A2%91/|https://www.downloadtube.net/zh/%E6%88%91%E5%A6%82%E4%BD%95%E4%BB%8Eerome%E4%B8%8B%E8%BD%BD/|https://www.downloadtube.net/es/descargar-videos-de-erome/|https://www.downloadtube.net/es/c%C3%B3mo-puedo-descargar-desde-erome/
hdzog.com,hdzog,existing,download-hdzog-videos,/download-hdzog-videos,download-hdzog-videos,/download-hdzog-videos,Hdzog Video Downloader,true,5,68,tubeninja.net,tubeninja.net|downloadtube.net|yt2save.com|badassdownloader.com|tubeoffline.com,"Hdzog adult video downloader page; emphasize public videos, privacy, HD/MP4 formats, no popups, browser extension CTA, and legal/adult disclaimer.",https://badassdownloader.com/hdzog/|https://www.downloadtube.net/download-videos-from-hdzog/|https://www.downloadtube.net/how-do-i-download-from-hdzog/|https://www.downloadtube.net/de/laden-sie-videos-von-hdzog-herunter/|https://www.downloadtube.net/de/wie-lade-ich-von-hdzog-herunter/|https://www.downloadtube.net/zh/%E4%BB%8Ehdzog%E4%B8%8B%E8%BD%BD%E8%A7%86%E9%A2%91/|https://www.downloadtube.net/zh/%E6%88%91%E5%A6%82%E4%BD%95%E4%BB%8Ehdzog%E4%B8%8B%E8%BD%BD/|https://www.downloadtube.net/es/descargar-videos-de-hdzog/
ashemaletube.com,ashemaletube,existing,download-ashemaletube-videos,/download-ashemaletube-videos,download-ashemaletube-videos,/download-ashemaletube-videos,Ashemaletube Video Downloader,true,5,66,tubeninja.net,tubeninja.net|downloadtube.net|yt2save.com|pptube.org|tubeoffline.com,"Ashemaletube adult video downloader page; emphasize public videos, privacy, HD/MP4 formats, no popups, browser extension CTA, and legal/adult disclaimer.",https://www.downloadtube.net/download-videos-from-ashemaletube/|https://www.downloadtube.net/how-do-i-download-from-ashemaletube/|https://www.downloadtube.net/de/laden-sie-videos-von-ashemaletube-herunter/|https://www.downloadtube.net/de/wie-lade-ich-von-ashemaletube-herunter/|https://www.downloadtube.net/zh/%E4%BB%8Eashemaletube%E4%B8%8B%E8%BD%BD%E8%A7%86%E9%A2%91/|https://www.downloadtube.net/zh/%E6%88%91%E5%A6%82%E4%BD%95%E4%BB%8Eashemaletube%E4%B8%8B%E8%BD%BD/|https://www.downloadtube.net/es/descargar-videos-de-ashemaletube/|https://www.downloadtube.net/es/c%C3%B3mo-puedo-descargar-desde-ashemaletube/
yespornplease.com,yespornplease,existing,download-yespornplease-videos,/download-yespornplease-videos,download-yespornplease-videos,/download-yespornplease-videos,Yespornplease Video Downloader,true,5,63,tubeninja.net,tubeninja.net|downloadtube.net|yt2save.com|badassdownloader.com|tubeoffline.com,"Yespornplease adult video downloader page; emphasize public videos, privacy, HD/MP4 formats, no popups, browser extension CTA, and legal/adult disclaimer.",https://badassdownloader.com/yespornplease/|https://www.downloadtube.net/download-videos-from-yespornplease/|https://www.downloadtube.net/how-do-i-download-from-yespornplease/|https://www.downloadtube.net/zh/%E4%BB%8Eyespornplease%E4%B8%8B%E8%BD%BD%E8%A7%86%E9%A2%91/|https://www.downloadtube.net/zh/%E6%88%91%E5%A6%82%E4%BD%95%E4%BB%8Eyespornplease%E4%B8%8B%E8%BD%BD/|https://www.downloadtube.net/es/c%C3%B3mo-puedo-descargar-desde-yespornplease/|https://www.downloadtube.net/ru/%D1%81%D0%BA%D0%B0%D1%87%D0%B0%D1%82%D1%8C-%D0%B2%D0%B8%D0%B4%D0%B5%D0%BE-%D1%81-yespornplease/|https://www.downloadtube.net/ru/%D0%BA%D0%B0%D0%BA-%D0%BC%D0%BD%D0%B5-%D1%81%D0%BA%D0%B0%D1%87%D0%B0%D1%82%D1%8C-%D1%81-yespornplease/
tokyomotion.net,tokyomotion,existing,download-tokyomotion-videos,/download-tokyomotion-videos,download-tokyomotion-videos,/download-tokyomotion-videos,Tokyomotion Video Downloader,true,5,32,downloadtube.net,downloadtube.net|pptube.org|yt2save.com|badassdownloader.com|tubeoffline.com,"Tokyomotion adult video downloader page; emphasize public videos, privacy, HD/MP4 formats, no popups, browser extension CTA, and legal/adult disclaimer.",https://badassdownloader.com/tokyomotion/|https://www.downloadtube.net/download-videos-from-tokyomotion/|https://www.downloadtube.net/how-do-i-download-from-tokyomotion/|https://www.downloadtube.net/de/laden-sie-videos-von-tokyomotion-herunter/|https://www.downloadtube.net/de/wie-lade-ich-von-tokyomotion-herunter/|https://www.downloadtube.net/zh/%E4%BB%8Etokyomotion%E4%B8%8B%E8%BD%BD%E8%A7%86%E9%A2%91/|https://www.downloadtube.net/zh/%E6%88%91%E5%A6%82%E4%BD%95%E4%BB%8Etokyomotion%E4%B8%8B%E8%BD%BD/|https://www.downloadtube.net/es/descargar-videos-de-tokyomotion/
hentaihaven.com,hentaihaven,existing,download-hentaihaven-videos,/download-hentaihaven-videos,download-hentaihaven-videos,/download-hentaihaven-videos,Hentaihaven Video Downloader,true,4,62,tubeninja.net,tubeninja.net|downloadtube.net|yt2save.com|tubeoffline.com,"Hentaihaven adult video downloader page; emphasize public videos, privacy, HD/MP4 formats, no popups, browser extension CTA, and legal/adult disclaimer.",https://www.downloadtube.net/download-videos-from-hentaihaven/|https://www.downloadtube.net/how-do-i-download-from-hentaihaven/|https://www.downloadtube.net/zh/%E4%BB%8Ehentaihaven%E4%B8%8B%E8%BD%BD%E8%A7%86%E9%A2%91/|https://www.downloadtube.net/zh/%E6%88%91%E5%A6%82%E4%BD%95%E4%BB%8Ehentaihaven%E4%B8%8B%E8%BD%BD/|https://www.downloadtube.net/es/c%C3%B3mo-puedo-descargar-desde-hentaihaven/|https://www.downloadtube.net/ru/%D1%81%D0%BA%D0%B0%D1%87%D0%B0%D1%82%D1%8C-%D0%B2%D0%B8%D0%B4%D0%B5%D0%BE-%D1%81-hentaihaven/|https://www.downloadtube.net/ru/%D0%BA%D0%B0%D0%BA-%D0%BC%D0%BD%D0%B5-%D1%81%D0%BA%D0%B0%D1%87%D0%B0%D1%82%D1%8C-%D1%81-hentaihaven/|https://www.downloadtube.net/hi/hentaihaven-%E0%A4%B8%E0%A5%87-%E0%A4%B5%E0%A5%80%E0%A4%A1%E0%A4%BF%E0%A4%AF%E0%A5%8B-%E0%A4%A1%E0%A4%BE%E0%A4%89%E0%A4%A8%E0%A4%B2%E0%A5%8B%E0%A4%A1-%E0%A4%95%E0%A4%B0%E0%A5%87%E0%A4%82/
redgifs.com,redgifs,existing,download-redgifs-videos,/download-redgifs-videos,download-redgifs-videos,/download-redgifs-videos,RedGifs Video Downloader,true,4,46,downloadtube.net,downloadtube.net|vidquickly.com|jaksta.com|yt2save.com,"RedGifs adult video downloader page; emphasize public videos, privacy, HD/MP4 formats, no popups, browser extension CTA, and legal/adult disclaimer.",https://www.downloadtube.net/download-videos-from-redgifs/|https://www.downloadtube.net/how-do-i-download-from-redgifs/|https://www.downloadtube.net/zh/%E4%BB%8Eredgifs%E4%B8%8B%E8%BD%BD%E8%A7%86%E9%A2%91/|https://www.downloadtube.net/zh/%E6%88%91%E5%A6%82%E4%BD%95%E4%BB%8Eredgifs%E4%B8%8B%E8%BD%BD/|https://www.downloadtube.net/es/c%C3%B3mo-puedo-descargar-desde-redgifs/|https://www.downloadtube.net/ru/%D1%81%D0%BA%D0%B0%D1%87%D0%B0%D1%82%D1%8C-%D0%B2%D0%B8%D0%B4%D0%B5%D0%BE-%D1%81-redgifs/|https://www.downloadtube.net/ru/%D0%BA%D0%B0%D0%BA-%D0%BC%D0%BD%D0%B5-%D1%81%D0%BA%D0%B0%D1%87%D0%B0%D1%82%D1%8C-%D1%81-redgifs/|https://www.downloadtube.net/hi/redgifs-%E0%A4%B8%E0%A5%87-%E0%A4%B5%E0%A5%80%E0%A4%A1%E0%A4%BF%E0%A4%AF%E0%A5%8B-%E0%A4%A1%E0%A4%BE%E0%A4%89%E0%A4%A8%E0%A4%B2%E0%A5%8B%E0%A4%A1-%E0%A4%95%E0%A4%B0%E0%A5%87%E0%A4%82/
onlyfans.com,onlyfans,existing,download-onlyfans-videos,/download-onlyfans-videos,download-onlyfans-videos,/download-onlyfans-videos,Onlyfans Video Downloader,true,3,46,vidquickly.com,vidquickly.com|downloadtube.net|pptube.org,"Onlyfans adult video downloader page; emphasize public videos, privacy, HD/MP4 formats, no popups, browser extension CTA, and legal/adult disclaimer.",https://www.downloadtube.net/download-videos-from-onlyfans/|https://www.downloadtube.net/how-do-i-download-from-onlyfans/|https://www.downloadtube.net/zh/%E4%BB%8Eonlyfans%E4%B8%8B%E8%BD%BD%E8%A7%86%E9%A2%91/|https://www.downloadtube.net/zh/%E6%88%91%E5%A6%82%E4%BD%95%E4%BB%8Eonlyfans%E4%B8%8B%E8%BD%BD/|https://www.downloadtube.net/es/c%C3%B3mo-puedo-descargar-desde-onlyfans/|https://www.downloadtube.net/ru/%D1%81%D0%BA%D0%B0%D1%87%D0%B0%D1%82%D1%8C-%D0%B2%D0%B8%D0%B4%D0%B5%D0%BE-%D1%81-onlyfans/|https://www.downloadtube.net/ru/%D0%BA%D0%B0%D0%BA-%D0%BC%D0%BD%D0%B5-%D1%81%D0%BA%D0%B0%D1%87%D0%B0%D1%82%D1%8C-%D1%81-onlyfans/|https://www.downloadtube.net/hi/onlyfans-%E0%A4%B8%E0%A5%87-%E0%A4%B5%E0%A5%80%E0%A4%A1%E0%A4%BF%E0%A4%AF%E0%A5%8B-%E0%A4%A1%E0%A4%BE%E0%A4%89%E0%A4%A8%E0%A4%B2%E0%A5%8B%E0%A4%A1-%E0%A4%95%E0%A4%B0%E0%A5%87%E0%A4%82/
myfreecams.com,myfreecams,existing,download-myfreecams-videos,/download-myfreecams-videos,download-myfreecams-videos,/download-myfreecams-videos,Myfreecams Video Downloader,true,3,24,downloadtube.net,downloadtube.net|jaksta.com|tubeoffline.com,"Myfreecams adult video downloader page; emphasize public videos, privacy, HD/MP4 formats, no popups, browser extension CTA, and legal/adult disclaimer.",https://www.downloadtube.net/download-videos-from-myfreecams/|https://www.downloadtube.net/how-do-i-download-from-myfreecams/|https://www.downloadtube.net/zh/%E4%BB%8Emyfreecams%E4%B8%8B%E8%BD%BD%E8%A7%86%E9%A2%91/|https://www.downloadtube.net/zh/%E6%88%91%E5%A6%82%E4%BD%95%E4%BB%8Emyfreecams%E4%B8%8B%E8%BD%BD/|https://www.downloadtube.net/es/c%C3%B3mo-puedo-descargar-desde-myfreecams/|https://www.downloadtube.net/ru/%D1%81%D0%BA%D0%B0%D1%87%D0%B0%D1%82%D1%8C-%D0%B2%D0%B8%D0%B4%D0%B5%D0%BE-%D1%81-myfreecams/|https://www.downloadtube.net/ru/%D0%BA%D0%B0%D0%BA-%D0%BC%D0%BD%D0%B5-%D1%81%D0%BA%D0%B0%D1%87%D0%B0%D1%82%D1%8C-%D1%81-myfreecams/|https://www.downloadtube.net/hi/myfreecams-%E0%A4%B8%E0%A5%87-%E0%A4%B5%E0%A5%80%E0%A4%A1%E0%A4%BF%E0%A4%AF%E0%A5%8B-%E0%A4%A1%E0%A4%BE%E0%A4%89%E0%A4%A8%E0%A4%B2%E0%A5%8B%E0%A4%A1-%E0%A4%95%E0%A4%B0%E0%A5%87%E0%A4%82/
bongacams.com,bongacams,existing,download-bongacams-videos,/download-bongacams-videos,download-bongacams-videos,/download-bongacams-videos,Bongacams Video Downloader,true,2,15,fetchfile.me,fetchfile.me|jaksta.com,"Bongacams adult video downloader page; emphasize public videos, privacy, HD/MP4 formats, no popups, browser extension CTA, and legal/adult disclaimer.",https://fetchfile.me/en/download-bongacams/|https://fetchfile.me/tl/download-bongacams/|https://fetchfile.me/fr/t%C3%A9l%C3%A9charger-bongacams/|https://fetchfile.me/pl/%C5%9Bci%C4%85gnij-bongacams/|https://fetchfile.me/is/ni%C3%B0urhal-bongacams/|https://fetchfile.me/el/%CE%BA%CE%B1%CF%84%CE%B5%CE%B2%CE%AC%CF%83%CF%84%CE%B5-bongacams/|https://fetchfile.me/ru/c%D0%BA%D0%B0%D1%87%D0%B0%D1%82%D1%8C-bongacams/|https://fetchfile.me/uk/%D0%B7%D0%B0%D0%B2%D0%B0%D0%BD%D1%82%D0%B0%D0%B6%D0%B8%D1%82%D0%B8-bongacams/
stripchat.com,stripchat,existing,download-stripchat-videos,/download-stripchat-videos,download-stripchat-videos,/download-stripchat-videos,Stripchat Video Downloader,true,2,4,jaksta.com,jaksta.com|yt2save.com,"Stripchat adult video downloader page; emphasize public videos, privacy, HD/MP4 formats, no popups, browser extension CTA, and legal/adult disclaimer.",https://jaksta.com/best-apps/stripchat|https://jaksta.com/how-to-guides/stripchat|https://yt2save.com/stripchat/|https://yt2save.com/de/stripchat/
porno.com,porno,existing,download-alpha-porno-videos,/download-alpha-porno-videos,download-porno-videos,/download-porno-videos,Porno Video Downloader,true,1,10,tubeninja.net,tubeninja.net,"Porno adult video downloader page; emphasize public videos, privacy, HD/MP4 formats, no popups, browser extension CTA, and legal/adult disclaimer.",http://www.tubeninja.net/it/come-scaricare/porno|http://www.tubeninja.net/nl/hoe-te-downloaden/porno|http://www.tubeninja.net/pl/jak-pobrac/porno|http://www.tubeninja.net/pt/como-baixar/porno|http://www.tubeninja.net/tr/nasil-indirilir/porno|http://tubeninja.net/it/come-scaricare/porno|http://tubeninja.net/nl/hoe-te-downloaden/porno|http://tubeninja.net/pl/jak-pobrac/porno
cam4.com,cam4,existing,download-cam4-videos,/download-cam4-videos,download-cam4-videos,/download-cam4-videos,Cam4 Video Downloader,true,1,2,jaksta.com,jaksta.com,"Cam4 adult video downloader page; emphasize public videos, privacy, HD/MP4 formats, no popups, browser extension CTA, and legal/adult disclaimer.",https://jaksta.com/best-apps/cam4|https://jaksta.com/how-to-guides/cam4
camsoda.com,camsoda,existing,download-camsoda-videos,/download-camsoda-videos,download-camsoda-videos,/download-camsoda-videos,Camsoda Video Downloader,true,1,2,jaksta.com,jaksta.com,"Camsoda adult video downloader page; emphasize public videos, privacy, HD/MP4 formats, no popups, browser extension CTA, and legal/adult disclaimer.",https://jaksta.com/best-apps/camsoda|https://jaksta.com/how-to-guides/camsoda
xhamsterlive.com,xhamsterlive,existing,download-xhamsterlive-videos,/download-xhamsterlive-videos,download-xhamsterlive-videos,/download-xhamsterlive-videos,Xhamsterlive Video Downloader,true,1,2,yt2save.com,yt2save.com,"Xhamsterlive adult video downloader page; emphasize public videos, privacy, HD/MP4 formats, no popups, browser extension CTA, and legal/adult disclaimer.",https://yt2save.com/xhamsterlive/|https://yt2save.com/de/xhamsterlive/
fansly.com,fansly,existing,download-fansly-live-videos,/download-fansly-live-videos,download-fansly-videos,/download-fansly-videos,Fansly Video Downloader,true,1,1,pptube.org,pptube.org,"Fansly adult video downloader page; emphasize public videos, privacy, HD/MP4 formats, no popups, browser extension CTA, and legal/adult disclaimer.",https://pptube.org/video/download-fansly-video/
vimeo.com,vimeo,existing,download-vimeo-videos,/download-vimeo-videos,download-vimeo-videos,/download-vimeo-videos,Vimeo Video Downloader,false,11,234,fetchfile.me,fetchfile.me|tubeninja.net|downloadtube.net|vidquickly.com|savethevideo.com|jaksta.com|yt2save.com|faceb.com|pastedownload.com|pptube.org|tubeoffline.com,"Vimeo video downloader page; emphasize public links, supported formats, troubleshooting, extension CTA, and no-login/no-private-content limits.",https://www.downloadtube.net/download-videos-from-vimeo/|https://www.downloadtube.net/how-do-i-download-from-vimeo/|https://www.downloadtube.net/de/laden-sie-videos-von-vimeo-herunter/|https://www.downloadtube.net/de/wie-lade-ich-von-vimeo-herunter/|https://www.downloadtube.net/zh/%E4%BB%8Evimeo%E4%B8%8B%E8%BD%BD%E8%A7%86%E9%A2%91/|https://www.downloadtube.net/zh/%E6%88%91%E5%A6%82%E4%BD%95%E4%BB%8Evimeo%E4%B8%8B%E8%BD%BD/|https://www.downloadtube.net/es/descargar-videos-de-vimeo/|https://www.downloadtube.net/es/c%C3%B3mo-puedo-descargar-desde-vimeo/
facebook.com,facebook,existing,download-facebook-videos,/download-facebook-videos,download-facebook-videos,/download-facebook-videos,Facebook Video Downloader,false,11,212,vidquickly.com,vidquickly.com|tubeninja.net|downloadtube.net|fetchfile.me|savethevideo.com|yt2save.com|jaksta.com|pastedownload.com|pptube.org|faceb.com|tubeoffline.com,"Facebook video downloader page; emphasize public links, supported formats, troubleshooting, extension CTA, and no-login/no-private-content limits.",https://www.downloadtube.net/download-videos-from-facebook/|https://www.downloadtube.net/how-do-i-download-from-facebook/|https://www.downloadtube.net/de/laden-sie-videos-von-facebook-herunter/|https://www.downloadtube.net/de/wie-lade-ich-von-facebook-herunter/|https://www.downloadtube.net/zh/%E4%BB%8Efacebook%E4%B8%8B%E8%BD%BD%E8%A7%86%E9%A2%91/|https://www.downloadtube.net/zh/%E6%88%91%E5%A6%82%E4%BD%95%E4%BB%8Efacebook%E4%B8%8B%E8%BD%BD/|https://www.downloadtube.net/es/descargar-videos-de-facebook/|https://www.downloadtube.net/es/c%C3%B3mo-puedo-descargar-desde-facebook/
instagram.com,instagram,existing,download-instagram-videos,/download-instagram-videos,download-instagram-videos,/download-instagram-videos,Instagram Video Downloader,false,11,204,tubeninja.net,tubeninja.net|vidquickly.com|fetchfile.me|downloadtube.net|savethevideo.com|pptube.org|jaksta.com|pastedownload.com|yt2save.com|faceb.com|tubeoffline.com,"Instagram video downloader page; emphasize public links, supported formats, troubleshooting, extension CTA, and no-login/no-private-content limits.",https://www.downloadtube.net/download-videos-from-instagram/|https://www.downloadtube.net/how-do-i-download-from-instagram/|https://www.downloadtube.net/de/laden-sie-videos-von-instagram-herunter/|https://www.downloadtube.net/de/wie-lade-ich-von-instagram-herunter/|https://www.downloadtube.net/zh/%E4%BB%8Einstagram%E4%B8%8B%E8%BD%BD%E8%A7%86%E9%A2%91/|https://www.downloadtube.net/zh/%E6%88%91%E5%A6%82%E4%BD%95%E4%BB%8Einstagram%E4%B8%8B%E8%BD%BD/|https://www.downloadtube.net/es/descargar-videos-de-instagram/|https://www.downloadtube.net/es/c%C3%B3mo-puedo-descargar-desde-instagram/
twitter.com,twitter,existing,download-twitter-x-videos,/download-twitter-x-videos,download-twitter-videos,/download-twitter-videos,Twitter Video Downloader,false,11,154,fetchfile.me,fetchfile.me|tubeninja.net|downloadtube.net|vidquickly.com|savethevideo.com|jaksta.com|yt2save.com|faceb.com|pastedownload.com|pptube.org|tubeoffline.com,"Twitter video downloader page; emphasize public links, supported formats, troubleshooting, extension CTA, and no-login/no-private-content limits.",https://www.downloadtube.net/download-videos-from-twitter/|https://www.downloadtube.net/how-do-i-download-from-twitter/|https://www.downloadtube.net/de/laden-sie-videos-von-twitter-herunter/|https://www.downloadtube.net/de/wie-lade-ich-von-twitter-herunter/|https://www.downloadtube.net/zh/%E4%BB%8Etwitter%E4%B8%8B%E8%BD%BD%E8%A7%86%E9%A2%91/|https://www.downloadtube.net/zh/%E6%88%91%E5%A6%82%E4%BD%95%E4%BB%8Etwitter%E4%B8%8B%E8%BD%BD/|https://www.downloadtube.net/es/descargar-videos-de-twitter/|https://www.downloadtube.net/es/c%C3%B3mo-puedo-descargar-desde-twitter/
tiktok.com,tiktok,existing,download-tiktok-videos,/download-tiktok-videos,download-tiktok-videos,/download-tiktok-videos,TikTok Video Downloader,false,11,149,vidquickly.com,vidquickly.com|tubeninja.net|downloadtube.net|fetchfile.me|savethevideo.com|jaksta.com|yt2save.com|pptube.org|faceb.com|pastedownload.com|tubeoffline.com,"TikTok video downloader page; emphasize public links, supported formats, troubleshooting, extension CTA, and no-login/no-private-content limits.",https://www.downloadtube.net/download-videos-from-tiktok/|https://www.downloadtube.net/how-do-i-download-from-tiktok/|https://www.downloadtube.net/de/laden-sie-videos-von-tiktok-herunter/|https://www.downloadtube.net/de/wie-lade-ich-von-tiktok-herunter/|https://www.downloadtube.net/zh/%E4%BB%8Etiktok%E4%B8%8B%E8%BD%BD%E8%A7%86%E9%A2%91/|https://www.downloadtube.net/zh/%E6%88%91%E5%A6%82%E4%BD%95%E4%BB%8Etiktok%E4%B8%8B%E8%BD%BD/|https://www.downloadtube.net/es/descargar-videos-de-tiktok/|https://www.downloadtube.net/es/c%C3%B3mo-puedo-descargar-desde-tiktok/
youtube.com,youtube,existing,download-youtube-videos,/download-youtube-videos,download-youtube-videos,/download-youtube-videos,YouTube Video Downloader,false,10,332,vidquickly.com,vidquickly.com|fetchfile.me|tubeninja.net|pptube.org|downloadtube.net|yt2save.com|jaksta.com|pastedownload.com|saveporn.net|tubeoffline.com,"YouTube video downloader page; emphasize public links, supported formats, troubleshooting, extension CTA, and no-login/no-private-content limits.",https://www.downloadtube.net/download-videos-from-youtube/|https://www.downloadtube.net/how-do-i-download-from-youtube/|https://www.downloadtube.net/de/laden-sie-videos-von-youtube-herunter/|https://www.downloadtube.net/de/wie-lade-ich-von-youtube-herunter/|https://www.downloadtube.net/zh/%E4%BB%8Eyoutube%E4%B8%8B%E8%BD%BD%E8%A7%86%E9%A2%91/|https://www.downloadtube.net/zh/%E6%88%91%E5%A6%82%E4%BD%95%E4%BB%8Eyoutube%E4%B8%8B%E8%BD%BD/|https://www.downloadtube.net/es/descargar-videos-de-youtube/|https://www.downloadtube.net/es/c%C3%B3mo-puedo-descargar-desde-youtube/
reddit.com,reddit,existing,download-reddit-videos,/download-reddit-videos,download-reddit-videos,/download-reddit-videos,Reddit Video Downloader,false,10,123,tubeninja.net,tubeninja.net|downloadtube.net|vidquickly.com|fetchfile.me|savethevideo.com|jaksta.com|yt2save.com|faceb.com|pastedownload.com|tubeoffline.com,"Reddit video downloader page; emphasize public links, supported formats, troubleshooting, extension CTA, and no-login/no-private-content limits.",https://www.downloadtube.net/download-videos-from-reddit/|https://www.downloadtube.net/how-do-i-download-from-reddit/|https://www.downloadtube.net/de/laden-sie-videos-von-reddit-herunter/|https://www.downloadtube.net/de/wie-lade-ich-von-reddit-herunter/|https://www.downloadtube.net/zh/%E4%BB%8Ereddit%E4%B8%8B%E8%BD%BD%E8%A7%86%E9%A2%91/|https://www.downloadtube.net/zh/%E6%88%91%E5%A6%82%E4%BD%95%E4%BB%8Ereddit%E4%B8%8B%E8%BD%BD/|https://www.downloadtube.net/es/descargar-videos-de-reddit/|https://www.downloadtube.net/es/c%C3%B3mo-puedo-descargar-desde-reddit/
dailymotion.com,dailymotion,existing,download-dailymotion-videos,/download-dailymotion-videos,download-dailymotion-videos,/download-dailymotion-videos,Dailymotion Video Downloader,false,9,117,fetchfile.me,fetchfile.me|downloadtube.net|vidquickly.com|savethevideo.com|jaksta.com|yt2save.com|pastedownload.com|pptube.org|tubeoffline.com,"Dailymotion video downloader page; emphasize public links, supported formats, troubleshooting, extension CTA, and no-login/no-private-content limits.",https://www.downloadtube.net/download-videos-from-dailymotion/|https://www.downloadtube.net/how-do-i-download-from-dailymotion/|https://www.downloadtube.net/de/laden-sie-videos-von-dailymotion-herunter/|https://www.downloadtube.net/de/wie-lade-ich-von-dailymotion-herunter/|https://www.downloadtube.net/zh/%E4%BB%8Edailymotion%E4%B8%8B%E8%BD%BD%E8%A7%86%E9%A2%91/|https://www.downloadtube.net/zh/%E6%88%91%E5%A6%82%E4%BD%95%E4%BB%8Edailymotion%E4%B8%8B%E8%BD%BD/|https://www.downloadtube.net/es/descargar-videos-de-dailymotion/|https://www.downloadtube.net/es/c%C3%B3mo-puedo-descargar-desde-dailymotion/
pinterest.com,pinterest,existing,download-pinterest-videos,/download-pinterest-videos,download-pinterest-videos,/download-pinterest-videos,Pinterest Video Downloader,false,8,78,downloadtube.net,downloadtube.net|vidquickly.com|fetchfile.me|jaksta.com|yt2save.com|faceb.com|pastedownload.com|tubeoffline.com,"Pinterest video downloader page; emphasize public links, supported formats, troubleshooting, extension CTA, and no-login/no-private-content limits.",https://www.downloadtube.net/download-videos-from-pinterest/|https://www.downloadtube.net/how-do-i-download-from-pinterest/|https://www.downloadtube.net/de/laden-sie-videos-von-pinterest-herunter/|https://www.downloadtube.net/de/wie-lade-ich-von-pinterest-herunter/|https://www.downloadtube.net/zh/%E4%BB%8Epinterest%E4%B8%8B%E8%BD%BD%E8%A7%86%E9%A2%91/|https://www.downloadtube.net/zh/%E6%88%91%E5%A6%82%E4%BD%95%E4%BB%8Epinterest%E4%B8%8B%E8%BD%BD/|https://www.downloadtube.net/es/descargar-videos-de-pinterest/|https://www.downloadtube.net/es/c%C3%B3mo-puedo-descargar-desde-pinterest/
linkedin.com,linkedin,existing,download-linkedin-videos,/download-linkedin-videos,download-linkedin-videos,/download-linkedin-videos,Linkedin Video Downloader,false,8,62,downloadtube.net,downloadtube.net|fetchfile.me|savethevideo.com|jaksta.com|yt2save.com|faceb.com|pptube.org|tubeoffline.com,"Linkedin video downloader page; emphasize public links, supported formats, troubleshooting, extension CTA, and no-login/no-private-content limits.",https://www.downloadtube.net/download-videos-from-linkedin/|https://www.downloadtube.net/how-do-i-download-from-linkedin/|https://www.downloadtube.net/de/laden-sie-videos-von-linkedin-herunter/|https://www.downloadtube.net/de/wie-lade-ich-von-linkedin-herunter/|https://www.downloadtube.net/zh/%E4%BB%8Elinkedin%E4%B8%8B%E8%BD%BD%E8%A7%86%E9%A2%91/|https://www.downloadtube.net/zh/%E6%88%91%E5%A6%82%E4%BD%95%E4%BB%8Elinkedin%E4%B8%8B%E8%BD%BD/|https://www.downloadtube.net/es/descargar-videos-de-linkedin/|https://www.downloadtube.net/es/c%C3%B3mo-puedo-descargar-desde-linkedin/
twitch.tv,twitch,existing,download-twitch-videos,/download-twitch-videos,download-twitch-videos,/download-twitch-videos,Twitch Video Downloader,false,7,97,fetchfile.me,fetchfile.me|downloadtube.net|vidquickly.com|jaksta.com|yt2save.com|pastedownload.com|tubeoffline.com,"Twitch video downloader page; emphasize public links, supported formats, troubleshooting, extension CTA, and no-login/no-private-content limits.",https://www.downloadtube.net/download-videos-from-twitch/|https://www.downloadtube.net/how-do-i-download-from-twitch/|https://www.downloadtube.net/de/laden-sie-videos-von-twitch-herunter/|https://www.downloadtube.net/de/wie-lade-ich-von-twitch-herunter/|https://www.downloadtube.net/zh/%E4%BB%8Etwitch%E4%B8%8B%E8%BD%BD%E8%A7%86%E9%A2%91/|https://www.downloadtube.net/zh/%E6%88%91%E5%A6%82%E4%BD%95%E4%BB%8Etwitch%E4%B8%8B%E8%BD%BD/|https://www.downloadtube.net/es/descargar-videos-de-twitch/|https://www.downloadtube.net/es/c%C3%B3mo-puedo-descargar-desde-twitch/
wistia.com,wistia,existing,download-wistia-videos,/download-wistia-videos,download-wistia-videos,/download-wistia-videos,Wistia Video Downloader,false,6,75,tubeninja.net,tubeninja.net|downloadtube.net|fetchfile.me|jaksta.com|yt2save.com|tubeoffline.com,"Wistia video downloader page; emphasize public links, supported formats, troubleshooting, extension CTA, and no-login/no-private-content limits.",https://www.downloadtube.net/download-videos-from-wistia/|https://www.downloadtube.net/how-do-i-download-from-wistia/|https://www.downloadtube.net/zh/%E4%BB%8Ewistia%E4%B8%8B%E8%BD%BD%E8%A7%86%E9%A2%91/|https://www.downloadtube.net/zh/%E6%88%91%E5%A6%82%E4%BD%95%E4%BB%8Ewistia%E4%B8%8B%E8%BD%BD/|https://www.downloadtube.net/es/c%C3%B3mo-puedo-descargar-desde-wistia/|https://www.downloadtube.net/ru/%D1%81%D0%BA%D0%B0%D1%87%D0%B0%D1%82%D1%8C-%D0%B2%D0%B8%D0%B4%D0%B5%D0%BE-%D1%81-wistia/|https://www.downloadtube.net/ru/%D0%BA%D0%B0%D0%BA-%D0%BC%D0%BD%D0%B5-%D1%81%D0%BA%D0%B0%D1%87%D0%B0%D1%82%D1%8C-%D1%81-wistia/|https://www.downloadtube.net/hi/wistia-%E0%A4%B8%E0%A5%87-%E0%A4%B5%E0%A5%80%E0%A4%A1%E0%A4%BF%E0%A4%AF%E0%A5%8B-%E0%A4%A1%E0%A4%BE%E0%A4%89%E0%A4%A8%E0%A4%B2%E0%A5%8B%E0%A4%A1-%E0%A4%95%E0%A4%B0%E0%A5%87%E0%A4%82/
luxuretv.com,luxuretv,existing,download-luxuretv-videos,/download-luxuretv-videos,download-luxuretv-videos,/download-luxuretv-videos,Luxuretv Video Downloader,false,5,63,tubeninja.net,tubeninja.net|downloadtube.net|yt2save.com|pptube.org|tubeoffline.com,"Luxuretv video downloader page; emphasize public links, supported formats, troubleshooting, extension CTA, and no-login/no-private-content limits.",https://www.downloadtube.net/download-videos-from-luxuretv/|https://www.downloadtube.net/how-do-i-download-from-luxuretv/|https://www.downloadtube.net/zh/%E4%BB%8Eluxuretv%E4%B8%8B%E8%BD%BD%E8%A7%86%E9%A2%91/|https://www.downloadtube.net/zh/%E6%88%91%E5%A6%82%E4%BD%95%E4%BB%8Eluxuretv%E4%B8%8B%E8%BD%BD/|https://www.downloadtube.net/es/c%C3%B3mo-puedo-descargar-desde-luxuretv/|https://www.downloadtube.net/ru/%D1%81%D0%BA%D0%B0%D1%87%D0%B0%D1%82%D1%8C-%D0%B2%D0%B8%D0%B4%D0%B5%D0%BE-%D1%81-luxuretv/|https://www.downloadtube.net/ru/%D0%BA%D0%B0%D0%BA-%D0%BC%D0%BD%D0%B5-%D1%81%D0%BA%D0%B0%D1%87%D0%B0%D1%82%D1%8C-%D1%81-luxuretv/|https://www.downloadtube.net/hi/luxuretv-%E0%A4%B8%E0%A5%87-%E0%A4%B5%E0%A5%80%E0%A4%A1%E0%A4%BF%E0%A4%AF%E0%A5%8B-%E0%A4%A1%E0%A4%BE%E0%A4%89%E0%A4%A8%E0%A4%B2%E0%A5%8B%E0%A4%A1-%E0%A4%95%E0%A4%B0%E0%A5%87%E0%A4%82/
boyfriendtv.com,boyfriendtv,existing,download-boyfriendtv-videos,/download-boyfriendtv-videos,download-boyfriendtv-videos,/download-boyfriendtv-videos,Boyfriendtv Video Downloader,false,5,61,tubeninja.net,tubeninja.net|downloadtube.net|yt2save.com|pptube.org|tubeoffline.com,"Boyfriendtv video downloader page; emphasize public links, supported formats, troubleshooting, extension CTA, and no-login/no-private-content limits.",https://www.downloadtube.net/download-videos-from-boyfriendtv/|https://www.downloadtube.net/how-do-i-download-from-boyfriendtv/|https://www.downloadtube.net/zh/%E4%BB%8Eboyfriendtv%E4%B8%8B%E8%BD%BD%E8%A7%86%E9%A2%91/|https://www.downloadtube.net/zh/%E6%88%91%E5%A6%82%E4%BD%95%E4%BB%8Eboyfriendtv%E4%B8%8B%E8%BD%BD/|https://www.downloadtube.net/es/c%C3%B3mo-puedo-descargar-desde-boyfriendtv/|https://www.downloadtube.net/ru/%D1%81%D0%BA%D0%B0%D1%87%D0%B0%D1%82%D1%8C-%D0%B2%D0%B8%D0%B4%D0%B5%D0%BE-%D1%81-boyfriendtv/|https://www.downloadtube.net/ru/%D0%BA%D0%B0%D0%BA-%D0%BC%D0%BD%D0%B5-%D1%81%D0%BA%D0%B0%D1%87%D0%B0%D1%82%D1%8C-%D1%81-boyfriendtv/|https://www.downloadtube.net/hi/boyfriendtv-%E0%A4%B8%E0%A5%87-%E0%A4%B5%E0%A5%80%E0%A4%A1%E0%A4%BF%E0%A4%AF%E0%A5%8B-%E0%A4%A1%E0%A4%BE%E0%A4%89%E0%A4%A8%E0%A4%B2%E0%A5%8B%E0%A4%A1-%E0%A4%95%E0%A4%B0%E0%A5%87%E0%A4%82/
123movies.com,123movies,existing,download-123movies-videos,/download-123movies-videos,download-123movies-videos,/download-123movies-videos,123movies Video Downloader,false,4,60,tubeninja.net,tubeninja.net|downloadtube.net|yt2save.com|tubeoffline.com,"123movies video downloader page; emphasize public links, supported formats, troubleshooting, extension CTA, and no-login/no-private-content limits.",https://www.downloadtube.net/download-videos-from-123movies/|https://www.downloadtube.net/how-do-i-download-from-123movies/|https://www.downloadtube.net/zh/%E4%BB%8E123movies%E4%B8%8B%E8%BD%BD%E8%A7%86%E9%A2%91/|https://www.downloadtube.net/zh/%E6%88%91%E5%A6%82%E4%BD%95%E4%BB%8E123movies%E4%B8%8B%E8%BD%BD/|https://www.downloadtube.net/es/c%C3%B3mo-puedo-descargar-desde-123movies/|https://www.downloadtube.net/ru/%D1%81%D0%BA%D0%B0%D1%87%D0%B0%D1%82%D1%8C-%D0%B2%D0%B8%D0%B4%D0%B5%D0%BE-%D1%81-123movies/|https://www.downloadtube.net/ru/%D0%BA%D0%B0%D0%BA-%D0%BC%D0%BD%D0%B5-%D1%81%D0%BA%D0%B0%D1%87%D0%B0%D1%82%D1%8C-%D1%81-123movies/|https://www.downloadtube.net/hi/123movies-%E0%A4%B8%E0%A5%87-%E0%A4%B5%E0%A5%80%E0%A4%A1%E0%A4%BF%E0%A4%AF%E0%A5%8B-%E0%A4%A1%E0%A4%BE%E0%A4%89%E0%A4%A8%E0%A4%B2%E0%A5%8B%E0%A4%A1-%E0%A4%95%E0%A4%B0%E0%A5%87%E0%A4%82/
xfantazy.com,xfantazy,existing,download-xfantazy-videos,/download-xfantazy-videos,download-xfantazy-videos,/download-xfantazy-videos,Xfantazy Video Downloader,false,4,25,downloadtube.net,downloadtube.net|yt2save.com|badassdownloader.com|tubeoffline.com,"Xfantazy video downloader page; emphasize public links, supported formats, troubleshooting, extension CTA, and no-login/no-private-content limits.",https://badassdownloader.com/xfantazy/|https://www.downloadtube.net/download-videos-from-xfantazy/|https://www.downloadtube.net/how-do-i-download-from-xfantazy/|https://www.downloadtube.net/zh/%E4%BB%8Exfantazy%E4%B8%8B%E8%BD%BD%E8%A7%86%E9%A2%91/|https://www.downloadtube.net/zh/%E6%88%91%E5%A6%82%E4%BD%95%E4%BB%8Exfantazy%E4%B8%8B%E8%BD%BD/|https://www.downloadtube.net/es/c%C3%B3mo-puedo-descargar-desde-xfantazy/|https://www.downloadtube.net/ru/%D1%81%D0%BA%D0%B0%D1%87%D0%B0%D1%82%D1%8C-%D0%B2%D0%B8%D0%B4%D0%B5%D0%BE-%D1%81-xfantazy/|https://www.downloadtube.net/ru/%D0%BA%D0%B0%D0%BA-%D0%BC%D0%BD%D0%B5-%D1%81%D0%BA%D0%B0%D1%87%D0%B0%D1%82%D1%8C-%D1%81-xfantazy/
erothots.com,erothots,existing,download-erothots-videos,/download-erothots-videos,download-erothots-videos,/download-erothots-videos,Erothots Video Downloader,false,3,52,vidquickly.com,vidquickly.com|pptube.org|yt2save.com,"Erothots video downloader page; emphasize public links, supported formats, troubleshooting, extension CTA, and no-login/no-private-content limits.",https://pptube.org/video/download-erothots-videos/|https://vidquickly.com/ar/erothots-downloader/|https://vidquickly.com/ar/erothots-video-downloader/|https://vidquickly.com/cs/erothots-downloader/|https://vidquickly.com/cs/erothots-video-downloader/|https://vidquickly.com/de/erothots-downloader/|https://vidquickly.com/de/erothots-video-downloader/|https://vidquickly.com/el/erothots-downloader/
loom.com,loom,existing,download-loom-videos,/download-loom-videos,download-loom-videos,/download-loom-videos,Loom Video Downloader,false,3,5,jaksta.com,jaksta.com|yt2save.com|pastedownload.com,"Loom video downloader page; emphasize public links, supported formats, troubleshooting, extension CTA, and no-login/no-private-content limits.",https://jaksta.com/best-apps/loom|https://jaksta.com/how-to-guides/loom|https://pastedownload.com/loom-video-downloader/|https://yt2save.com/loom/|https://yt2save.com/de/loom/
sprout.com,sprout,existing,download-sprout-videos,/download-sprout-videos,download-sprout-videos,/download-sprout-videos,Sprout Video Downloader,false,2,34,downloadtube.net,downloadtube.net|fetchfile.me,"Sprout video downloader page; emphasize public links, supported formats, troubleshooting, extension CTA, and no-login/no-private-content limits.",https://www.downloadtube.net/download-videos-from-sprout/|https://www.downloadtube.net/how-do-i-download-from-sprout/|https://www.downloadtube.net/zh/%E4%BB%8Esprout%E4%B8%8B%E8%BD%BD%E8%A7%86%E9%A2%91/|https://www.downloadtube.net/zh/%E6%88%91%E5%A6%82%E4%BD%95%E4%BB%8Esprout%E4%B8%8B%E8%BD%BD/|https://www.downloadtube.net/es/c%C3%B3mo-puedo-descargar-desde-sprout/|https://www.downloadtube.net/ru/%D1%81%D0%BA%D0%B0%D1%87%D0%B0%D1%82%D1%8C-%D0%B2%D0%B8%D0%B4%D0%B5%D0%BE-%D1%81-sprout/|https://www.downloadtube.net/ru/%D0%BA%D0%B0%D0%BA-%D0%BC%D0%BD%D0%B5-%D1%81%D0%BA%D0%B0%D1%87%D0%B0%D1%82%D1%8C-%D1%81-sprout/|https://www.downloadtube.net/hi/sprout-%E0%A4%B8%E0%A5%87-%E0%A4%B5%E0%A5%80%E0%A4%A1%E0%A4%BF%E0%A4%AF%E0%A5%8B-%E0%A4%A1%E0%A4%BE%E0%A4%89%E0%A4%A8%E0%A4%B2%E0%A5%8B%E0%A4%A1-%E0%A4%95%E0%A4%B0%E0%A5%87%E0%A4%82/
streamate.com,streamate,existing,download-streamate-videos,/download-streamate-videos,download-streamate-videos,/download-streamate-videos,Streamate Video Downloader,false,1,2,jaksta.com,jaksta.com,"Streamate video downloader page; emphasize public links, supported formats, troubleshooting, extension CTA, and no-login/no-private-content limits.",https://jaksta.com/best-apps/streamate|https://jaksta.com/how-to-guides/streamate
thinkific.com,thinkific,existing,download-thinkific-videos,/download-thinkific-videos,download-thinkific-videos,/download-thinkific-videos,Thinkific Video Downloader,false,1,2,pptube.org,pptube.org,"Thinkific video downloader page; emphasize public links, supported formats, troubleshooting, extension CTA, and no-login/no-private-content limits.",https://pptube.org/video/download-thinkific-videos/|https://pptube.org/video/download-thinkific-video/
video.arnes.si,video,existing,video-downloader,/video-downloader,download-video-videos,/download-video-videos,Video Video Downloader,false,1,2,jaksta.com,jaksta.com,"Video video downloader page; emphasize public links, supported formats, troubleshooting, extension CTA, and no-login/no-private-content limits.",https://jaksta.com/best-apps/video.arnes.si|https://jaksta.com/how-to-guides/video.arnes.si
video.sky.it,video,existing,video-downloader,/video-downloader,download-video-videos,/download-video-videos,Video Video Downloader,false,1,2,jaksta.com,jaksta.com,"Video video downloader page; emphasize public links, supported formats, troubleshooting, extension CTA, and no-login/no-private-content limits.",https://jaksta.com/best-apps/video.sky.it|https://jaksta.com/how-to-guides/video.sky.it
coomer.com,coomer,existing,download-coomer-videos,/download-coomer-videos,download-coomer-videos,/download-coomer-videos,Coomer Video Downloader,false,1,1,yt2save.com,yt2save.com,"Coomer video downloader page; emphasize public links, supported formats, troubleshooting, extension CTA, and no-login/no-private-content limits.",https://yt2save.com/coomer/
justforfans.com,justforfans,existing,download-justforfans-videos,/download-justforfans-videos,download-justforfans-videos,/download-justforfans-videos,Justforfans Video Downloader,false,1,1,pptube.org,pptube.org,"Justforfans video downloader page; emphasize public links, supported formats, troubleshooting, extension CTA, and no-login/no-private-content limits.",https://pptube.org/video/download-justforfans-video/
kajabi.com,kajabi,existing,download-kajabi-videos,/download-kajabi-videos,download-kajabi-videos,/download-kajabi-videos,Kajabi Video Downloader,false,1,1,pptube.org,pptube.org,"Kajabi video downloader page; emphasize public links, supported formats, troubleshooting, extension CTA, and no-login/no-private-content limits.",https://pptube.org/video/download-kajabi-video/
