keyword,from,to,operation,global_volume,us_volume,kd,global_traffic_potential,us_traffic_potential,source
3g2 to mp4,3g2,mp4,convert,200,100,0,60,60,ahrefs-2026-01
3gp to mov,3gp,mov,convert,150,70,0,40,40,ahrefs-2026-01
3gp to mp3,3gp,mp3,convert,1100,300,1,800,400,ahrefs-2026-01
3gp to mp4,3gp,mp4,convert,4400,1000,2,2700,1100,ahrefs-2026-01
7z compressor,,,compress,,,,,,tools-planner.csv (removed 2026-10-09)
7z to jar,7z,jar,convert,,,,,,ahrefs-2026-01
7z to zip,7z,zip,convert,10000,3100,12,4300,1500,ahrefs-2026-01
aac to flac,aac,flac,convert,80,20,0,10,10,ahrefs-2026-01
aac to mp3,aac,mp3,convert,28000,1200,27,14000,1200,ahrefs-2026-01
aac to mp4,aac,mp4,convert,1800,150,0,600,100,ahrefs-2026-01
aac to wav,aac,wav,convert,3600,250,1,1300,90,ahrefs-2026-01
aaf to mp4,aaf,mp4,convert,60,40,0,20,20,ahrefs-2026-01
ac3 to dts,ac3,dts,convert,10,,,,,ahrefs-2026-01
ai compressor,,,compress,,,,,,tools-planner.csv (removed 2026-10-09)
ai to ai,ai,ai,convert,150,40,54,2100,600,ahrefs-2026-01
ai to arw,ai,arw,convert,,,,,,ahrefs-2026-01
ai to avif,ai,avif,convert,,,,,,ahrefs-2026-01
ai to bmp,ai,bmp,convert,20,,,,,ahrefs-2026-01
ai to cr2,ai,cr2,convert,,,,,,ahrefs-2026-01
ai to cr3,ai,cr3,convert,,,,,,ahrefs-2026-01
ai to cur,ai,cur,convert,,,,,,ahrefs-2026-01
ai to dds,ai,dds,convert,,,,,,ahrefs-2026-01
ai to dng,ai,dng,convert,,,,,,ahrefs-2026-01
ai to dxf,ai,dxf,convert,900,70,0,250,100,ahrefs-2026-01
ai to eps,ai,eps,convert,700,90,1,300,90,ahrefs-2026-01
ai to fig,ai,fig,convert,30,,,,,ahrefs-2026-01
ai to gif,ai,gif,convert,60,10,,,,ahrefs-2026-01
ai to heic,ai,heic,convert,,,,,,ahrefs-2026-01
ai to heif,ai,heif,convert,,,,,,ahrefs-2026-01
ai to icns,ai,icns,convert,,,,,,ahrefs-2026-01
ai to ico,ai,ico,convert,30,,,,,ahrefs-2026-01
ai to jfif,ai,jfif,convert,,,,,,ahrefs-2026-01
ai to jif,ai,jif,convert,,,,,,ahrefs-2026-01
ai to jpeg,ai,jpeg,convert,1000,150,0,250,80,ahrefs-2026-01
ai to jpg,ai,jpg,convert,5800,700,0,4500,1000,ahrefs-2026-01
ai to jxl,ai,jxl,convert,,,,,,ahrefs-2026-01
ai to ktx,ai,ktx,convert,,,,,,ahrefs-2026-01
ai to ktx2,ai,ktx2,convert,,,,,,ahrefs-2026-01
ai to nef,ai,nef,convert,,,,,,ahrefs-2026-01
ai to orf,ai,orf,convert,,,,,,ahrefs-2026-01
ai to pam,ai,pam,convert,,,,,,ahrefs-2026-01
ai to pbm,ai,pbm,convert,,,,,,ahrefs-2026-01
ai to pcx,ai,pcx,convert,,,,,,ahrefs-2026-01
ai to pdf,ai,pdf,convert,11000,700,4,8400,1100,ahrefs-2026-01
ai to pgm,ai,pgm,convert,,,,,,ahrefs-2026-01
ai to png,ai,png,convert,13000,1600,1,9100,2100,ahrefs-2026-01
ai to ppm,ai,ppm,convert,,,,,,ahrefs-2026-01
ai to psd,ai,psd,convert,2000,100,0,1400,100,ahrefs-2026-01
ai to raf,ai,raf,convert,,,,,,ahrefs-2026-01
ai to rw2,ai,rw2,convert,,,,,,ahrefs-2026-01
ai to svg,ai,svg,convert,7700,700,39,4900,1200,ahrefs-2026-01
ai to tga,ai,tga,convert,,,,,,ahrefs-2026-01
ai to tif,ai,tif,convert,,,,,,ahrefs-2026-01
ai to tiff,ai,tiff,convert,90,20,,,,ahrefs-2026-01
ai to webp,ai,webp,convert,10,,,,,ahrefs-2026-01
ai to xbm,ai,xbm,convert,,,,,,ahrefs-2026-01
aif to mp3,aif,mp3,convert,2400,800,1,900,400,ahrefs-2026-01
aifc to mp3,aifc,mp3,convert,1200,300,0,450,350,ahrefs-2026-01
aiff to flac,aiff,flac,convert,100,40,0,10,10,ahrefs-2026-01
aiff to m4a,aiff,m4a,convert,40,20,,,,ahrefs-2026-01
aiff to mp3,aiff,mp3,convert,6800,1700,4,3300,1200,ahrefs-2026-01
aiff to wav,aiff,wav,convert,1400,400,0,400,200,ahrefs-2026-01
amr to mp3,amr,mp3,convert,4400,1800,3,3600,2000,ahrefs-2026-01
amr to wav,amr,wav,convert,350,150,0,100,100,ahrefs-2026-01
ape to flac,ape,flac,convert,250,30,0,30,20,ahrefs-2026-01
ape to mp3,ape,mp3,convert,300,50,0,30,20,ahrefs-2026-01
apk compressor,,,compress,,,,,,tools-planner.csv (removed 2026-10-09)
apng to gif,apng,gif,convert,2500,700,3,6400,2000,ahrefs-2026-01
arw compressor,,,compress,,,,,,tools-planner.csv (removed 2026-10-09)
arw to arw,arw,arw,convert,,,,,,ahrefs-2026-01
arw to avif,arw,avif,convert,,,,,,ahrefs-2026-01
arw to bmp,arw,bmp,convert,,,0,,,ahrefs-2026-01
arw to cr2,arw,cr2,convert,20,,,,,ahrefs-2026-01
arw to cr3,arw,cr3,convert,,,,,,ahrefs-2026-01
arw to cur,arw,cur,convert,,,,,,ahrefs-2026-01
arw to dds,arw,dds,convert,,,,,,ahrefs-2026-01
arw to dng,arw,dng,convert,300,40,0,5700,3500,ahrefs-2026-01
arw to eps,arw,eps,convert,,,,,,ahrefs-2026-01
arw to gif,arw,gif,convert,,,,,,ahrefs-2026-01
arw to heic,arw,heic,convert,10,,,,,ahrefs-2026-01
arw to heif,arw,heif,convert,,,,,,ahrefs-2026-01
arw to icns,arw,icns,convert,,,,,,ahrefs-2026-01
arw to ico,arw,ico,convert,,,,,,ahrefs-2026-01
arw to jfif,arw,jfif,convert,,,,,,ahrefs-2026-01
arw to jif,arw,jif,convert,,,,,,ahrefs-2026-01
arw to jpeg,arw,jpeg,convert,1600,200,1,4600,1100,ahrefs-2026-01
arw to jpg,arw,jpg,convert,16000,1500,5,6200,1800,ahrefs-2026-01
arw to jxl,arw,jxl,convert,,,,,,ahrefs-2026-01
arw to ktx,arw,ktx,convert,,,,,,ahrefs-2026-01
arw to ktx2,arw,ktx2,convert,,,,,,ahrefs-2026-01
arw to map,arw,map,convert,,,,,,ahrefs-2026-01
arw to nef,arw,nef,convert,,,,,,ahrefs-2026-01
arw to orf,arw,orf,convert,,,,,,ahrefs-2026-01
arw to pam,arw,pam,convert,,,,,,ahrefs-2026-01
arw to pbm,arw,pbm,convert,,,,,,ahrefs-2026-01
arw to pcx,arw,pcx,convert,,,,,,ahrefs-2026-01
arw to pdf,arw,pdf,convert,50,10,,,,ahrefs-2026-01
arw to pgm,arw,pgm,convert,,,,,,ahrefs-2026-01
arw to png,arw,png,convert,3800,400,0,1100,200,ahrefs-2026-01
arw to ppm,arw,ppm,convert,,,,,,ahrefs-2026-01
arw to raf,arw,raf,convert,,,,,,ahrefs-2026-01
arw to rw2,arw,rw2,convert,,,,,,ahrefs-2026-01
arw to svg,arw,svg,convert,,,,,,ahrefs-2026-01
arw to tga,arw,tga,convert,,,,,,ahrefs-2026-01
arw to tif,arw,tif,convert,,,,,,ahrefs-2026-01
arw to tiff,arw,tiff,convert,80,10,,,,ahrefs-2026-01
arw to webp,arw,webp,convert,30,,,,,ahrefs-2026-01
arw to xbm,arw,xbm,convert,,,,,,ahrefs-2026-01
asf to mp4,asf,mp4,convert,1500,300,3,500,250,ahrefs-2026-01
au to mp3,au,mp3,convert,80,30,0,450,200,ahrefs-2026-01
av1 to mp4,av1,mp4,convert,2200,150,5,38000,7300,ahrefs-2026-01
avchd to mp4,avchd,mp4,convert,1800,500,3,250,200,ahrefs-2026-01
avi to flv,avi,flv,convert,70,10,0,20,10,ahrefs-2026-01
avi to gif,avi,gif,convert,4600,1300,7,2400,500,ahrefs-2026-01
avi to m4v,avi,m4v,convert,60,20,0,10,10,ahrefs-2026-01
avi to mjpeg,avi,mjpeg,convert,20,10,,,,ahrefs-2026-01
avi to mkv,avi,mkv,convert,1600,100,1,500,150,ahrefs-2026-01
avi to mov,avi,mov,convert,2200,700,3,1800,1300,ahrefs-2026-01
avi to mp3,avi,mp3,convert,2000,450,1,1300,200,ahrefs-2026-01
avi to mp4,avi,mp4,convert,52000,9400,11,35000,7400,ahrefs-2026-01
avi to mpeg,avi,mpeg,convert,350,60,3,60,60,ahrefs-2026-01
avi to mpeg2,avi,mpeg2,convert,20,10,,,,ahrefs-2026-01
avi to mpg,avi,mpg,convert,250,80,0,10,10,ahrefs-2026-01
avi to vob,avi,vob,convert,40,10,0,10,10,ahrefs-2026-01
avi to wav,avi,wav,convert,200,70,0,50,50,ahrefs-2026-01
avi to webm,avi,webm,convert,300,100,1,100,90,ahrefs-2026-01
avi to wmv,avi,wmv,convert,300,90,1,150,150,ahrefs-2026-01
avif to avif,avif,avif,convert,,,,,,ahrefs-2026-01
avif to bmp,avif,bmp,convert,150,20,,,,ahrefs-2026-01
avif to cr2,avif,cr2,convert,,,,,,ahrefs-2026-01
avif to cr3,avif,cr3,convert,,,,,,ahrefs-2026-01
avif to cur,avif,cur,convert,,,,,,ahrefs-2026-01
avif to dds,avif,dds,convert,30,,,,,ahrefs-2026-01
avif to dng,avif,dng,convert,,,,,,ahrefs-2026-01
avif to eps,avif,eps,convert,70,10,,,,ahrefs-2026-01
avif to gif,avif,gif,convert,3200,800,0,800,350,ahrefs-2026-01
avif to heic,avif,heic,convert,20,10,,,,ahrefs-2026-01
avif to heif,avif,heif,convert,10,10,,,,ahrefs-2026-01
avif to icns,avif,icns,convert,,,,,,ahrefs-2026-01
avif to ico,avif,ico,convert,500,50,0,10,10,ahrefs-2026-01
avif to jfif,avif,jfif,convert,,,,,,ahrefs-2026-01
avif to jif,avif,jif,convert,,,,,,ahrefs-2026-01
avif to jpeg,avif,jpeg,convert,36000,2600,6,203000,18000,ahrefs-2026-01
avif to jpg,avif,jpg,convert,480000,34000,9,205000,18000,ahrefs-2026-01
avif to jxl,avif,jxl,convert,,,,,,ahrefs-2026-01
avif to ktx,avif,ktx,convert,,,,,,ahrefs-2026-01
avif to ktx2,avif,ktx2,convert,,,,,,ahrefs-2026-01
avif to nef,avif,nef,convert,,,,,,ahrefs-2026-01
avif to orf,avif,orf,convert,,,,,,ahrefs-2026-01
avif to pam,avif,pam,convert,,,,,,ahrefs-2026-01
avif to pbm,avif,pbm,convert,,,,,,ahrefs-2026-01
avif to pcx,avif,pcx,convert,,,,,,ahrefs-2026-01
avif to pdf,avif,pdf,convert,2500,450,0,500,200,ahrefs-2026-01
avif to pgm,avif,pgm,convert,,,,,,ahrefs-2026-01
avif to png,avif,png,convert,226000,27000,3,94000,12000,ahrefs-2026-01
avif to ppm,avif,ppm,convert,,,,,,ahrefs-2026-01
avif to raf,avif,raf,convert,,,,,,ahrefs-2026-01
avif to rw2,avif,rw2,convert,,,,,,ahrefs-2026-01
avif to svg,avif,svg,convert,2600,350,0,300,150,ahrefs-2026-01
avif to tga,avif,tga,convert,,,,,,ahrefs-2026-01
avif to tif,avif,tif,convert,10,,,,,ahrefs-2026-01
avif to tiff,avif,tiff,convert,200,30,,,,ahrefs-2026-01
avif to webp,avif,webp,convert,7400,250,0,1800,100,ahrefs-2026-01
avif to xbm,avif,xbm,convert,,,,,,ahrefs-2026-01
azw compressor,,,compress,,,,,,tools-planner.csv (removed 2026-10-09)
azw to pdf,azw,pdf,convert,1700,350,0,150,100,ahrefs-2026-01
azw3 compressor,,,compress,,,,,,tools-planner.csv (removed 2026-10-09)
azw3 to epub,azw3,epub,convert,7700,1900,1,2600,800,ahrefs-2026-01
azw3 to pdf,azw3,pdf,convert,16000,3700,5,9500,3200,ahrefs-2026-01
bin to jpeg,bin,jpeg,convert,200,20,,,,ahrefs-2026-01
bin to jpg,bin,jpg,convert,2900,80,0,1200,40,ahrefs-2026-01
bin to png,bin,png,convert,1100,200,0,250,90,ahrefs-2026-01
bmp to bmp,bmp,bmp,convert,10,,,,,ahrefs-2026-01
bmp to cr2,bmp,cr2,convert,,,,,,ahrefs-2026-01
bmp to cr3,bmp,cr3,convert,,,,,,ahrefs-2026-01
bmp to cur,bmp,cur,convert,,,,,,ahrefs-2026-01
bmp to dds,bmp,dds,convert,150,20,0,10,10,ahrefs-2026-01
bmp to dng,bmp,dng,convert,,,,,,ahrefs-2026-01
bmp to dxf,bmp,dxf,convert,300,40,0,20,20,ahrefs-2026-01
bmp to eps,bmp,eps,convert,30,10,,,,ahrefs-2026-01
bmp to gif,bmp,gif,convert,100,30,0,10,10,ahrefs-2026-01
bmp to heic,bmp,heic,convert,,,,,,ahrefs-2026-01
bmp to heif,bmp,heif,convert,,,,,,ahrefs-2026-01
bmp to icns,bmp,icns,convert,,,,,,ahrefs-2026-01
bmp to ico,bmp,ico,convert,500,90,0,70,50,ahrefs-2026-01
bmp to jfif,bmp,jfif,convert,,,,,,ahrefs-2026-01
bmp to jif,bmp,jif,convert,,,,,,ahrefs-2026-01
bmp to jpeg,bmp,jpeg,convert,1300,100,0,300,50,ahrefs-2026-01
bmp to jpg,bmp,jpg,convert,12000,1000,0,5400,1100,ahrefs-2026-01
bmp to jxl,bmp,jxl,convert,,,,,,ahrefs-2026-01
bmp to ktx,bmp,ktx,convert,,,,,,ahrefs-2026-01
bmp to ktx2,bmp,ktx2,convert,,,,,,ahrefs-2026-01
bmp to nef,bmp,nef,convert,,,,,,ahrefs-2026-01
bmp to orf,bmp,orf,convert,,,,,,ahrefs-2026-01
bmp to pam,bmp,pam,convert,,,,,,ahrefs-2026-01
bmp to pbm,bmp,pbm,convert,,,,,,ahrefs-2026-01
bmp to pcx,bmp,pcx,convert,30,,,,,ahrefs-2026-01
bmp to pdf,bmp,pdf,convert,14000,600,0,11000,500,ahrefs-2026-01
bmp to pgm,bmp,pgm,convert,10,,,,,ahrefs-2026-01
bmp to png,bmp,png,convert,6100,1300,2,2900,1500,ahrefs-2026-01
bmp to ppm,bmp,ppm,convert,20,,,,,ahrefs-2026-01
bmp to raf,bmp,raf,convert,,,,,,ahrefs-2026-01
bmp to rw2,bmp,rw2,convert,,,,,,ahrefs-2026-01
bmp to svg,bmp,svg,convert,450,80,0,100,90,ahrefs-2026-01
bmp to tga,bmp,tga,convert,90,10,,,,ahrefs-2026-01
bmp to tif,bmp,tif,convert,20,10,,,,ahrefs-2026-01
bmp to tiff,bmp,tiff,convert,150,40,0,20,20,ahrefs-2026-01
bmp to webp,bmp,webp,convert,60,10,,,,ahrefs-2026-01
bmp to xbm,bmp,xbm,convert,40,10,,,,ahrefs-2026-01
bz2 compressor,,,compress,,,,,,tools-planner.csv (removed 2026-10-09)
bzip2 compressor,,,compress,,,,,,tools-planner.csv (removed 2026-10-09)
caf to mp3,caf,mp3,convert,800,400,2,350,350,ahrefs-2026-01
caf to wav,caf,wav,convert,250,100,0,50,50,ahrefs-2026-01
cbr to pdf,cbr,pdf,convert,11000,1700,3,3600,900,ahrefs-2026-01
cbz to pdf,cbz,pdf,convert,7000,1000,3,3400,700,ahrefs-2026-01
cdda to flac,cdda,flac,convert,,,,,,ahrefs-2026-01
cdda to mp3,cdda,mp3,convert,20,,,,,ahrefs-2026-01
cdda to wav,cdda,wav,convert,,,,,,ahrefs-2026-01
cdr to ai,cdr,ai,convert,8200,200,4,9400,300,ahrefs-2026-01
cdr to doc,cdr,doc,convert,60,,,,,ahrefs-2026-01
cdr to dxf,cdr,dxf,convert,5200,150,0,2100,60,ahrefs-2026-01
cdr to eps,cdr,eps,convert,2200,70,0,1500,40,ahrefs-2026-01
cdr to jpeg,cdr,jpeg,convert,600,20,,,,ahrefs-2026-01
cdr to jpg,cdr,jpg,convert,9900,100,3,13000,90,ahrefs-2026-01
cdr to pdf,cdr,pdf,convert,35000,300,1,38000,400,ahrefs-2026-01
cdr to png,cdr,png,convert,6400,150,3,5900,60,ahrefs-2026-01
cdr to svg,cdr,svg,convert,4700,350,0,1900,200,ahrefs-2026-01
cr2 compressor,,,compress,,,,,,tools-planner.csv (removed 2026-10-09)
cr2 to cr2,cr2,cr2,convert,,,,,,ahrefs-2026-01
cr2 to cr3,cr2,cr3,convert,,,,,,ahrefs-2026-01
cr2 to cur,cr2,cur,convert,,,,,,ahrefs-2026-01
cr2 to dds,cr2,dds,convert,,,,,,ahrefs-2026-01
cr2 to dng,cr2,dng,convert,150,10,0,5400,3600,ahrefs-2026-01
cr2 to eps,cr2,eps,convert,,,,,,ahrefs-2026-01
cr2 to gif,cr2,gif,convert,,,,,,ahrefs-2026-01
cr2 to heic,cr2,heic,convert,10,,,,,ahrefs-2026-01
cr2 to heif,cr2,heif,convert,,,,,,ahrefs-2026-01
cr2 to icns,cr2,icns,convert,,,,,,ahrefs-2026-01
cr2 to ico,cr2,ico,convert,,,,,,ahrefs-2026-01
cr2 to jfif,cr2,jfif,convert,,,,,,ahrefs-2026-01
cr2 to jif,cr2,jif,convert,,,,,,ahrefs-2026-01
cr2 to jpeg,cr2,jpeg,convert,1200,250,4,14000,3100,ahrefs-2026-01
cr2 to jpg,cr2,jpg,convert,20000,2300,3,13000,2700,ahrefs-2026-01
cr2 to jxl,cr2,jxl,convert,,,,,,ahrefs-2026-01
cr2 to ktx,cr2,ktx,convert,,,,,,ahrefs-2026-01
cr2 to ktx2,cr2,ktx2,convert,,,,,,ahrefs-2026-01
cr2 to nef,cr2,nef,convert,,,,,,ahrefs-2026-01
cr2 to orf,cr2,orf,convert,,,,,,ahrefs-2026-01
cr2 to pam,cr2,pam,convert,,,,,,ahrefs-2026-01
cr2 to pbm,cr2,pbm,convert,,,,,,ahrefs-2026-01
cr2 to pcx,cr2,pcx,convert,,,,,,ahrefs-2026-01
cr2 to pdf,cr2,pdf,convert,50,20,,,,ahrefs-2026-01
cr2 to pgm,cr2,pgm,convert,,,,,,ahrefs-2026-01
cr2 to png,cr2,png,convert,4100,600,1,1500,350,ahrefs-2026-01
cr2 to ppm,cr2,ppm,convert,,,,,,ahrefs-2026-01
cr2 to raf,cr2,raf,convert,,,,,,ahrefs-2026-01
cr2 to rw2,cr2,rw2,convert,,,,,,ahrefs-2026-01
cr2 to svg,cr2,svg,convert,,,,,,ahrefs-2026-01
cr2 to tga,cr2,tga,convert,,,,,,ahrefs-2026-01
cr2 to tif,cr2,tif,convert,,,,,,ahrefs-2026-01
cr2 to tiff,cr2,tiff,convert,100,40,0,10,10,ahrefs-2026-01
cr2 to webp,cr2,webp,convert,30,,,,,ahrefs-2026-01
cr2 to xbm,cr2,xbm,convert,,,,,,ahrefs-2026-01
cr3 compressor,,,compress,,,,,,tools-planner.csv (removed 2026-10-09)
cr3 to cr3,cr3,cr3,convert,,,,,,ahrefs-2026-01
cr3 to cur,cr3,cur,convert,,,,,,ahrefs-2026-01
cr3 to dds,cr3,dds,convert,,,,,,ahrefs-2026-01
cr3 to dng,cr3,dng,convert,60,10,0,5700,3600,ahrefs-2026-01
cr3 to eps,cr3,eps,convert,,,,,,ahrefs-2026-01
cr3 to gif,cr3,gif,convert,,,,,,ahrefs-2026-01
cr3 to heic,cr3,heic,convert,,,,,,ahrefs-2026-01
cr3 to heif,cr3,heif,convert,,,,,,ahrefs-2026-01
cr3 to icns,cr3,icns,convert,,,,,,ahrefs-2026-01
cr3 to ico,cr3,ico,convert,,,,,,ahrefs-2026-01
cr3 to jfif,cr3,jfif,convert,,,,,,ahrefs-2026-01
cr3 to jif,cr3,jif,convert,,,,,,ahrefs-2026-01
cr3 to jpeg,cr3,jpeg,convert,600,100,0,3400,500,ahrefs-2026-01
cr3 to jxl,cr3,jxl,convert,,,,,,ahrefs-2026-01
cr3 to ktx,cr3,ktx,convert,,,,,,ahrefs-2026-01
cr3 to ktx2,cr3,ktx2,convert,,,,,,ahrefs-2026-01
cr3 to nef,cr3,nef,convert,,,,,,ahrefs-2026-01
cr3 to orf,cr3,orf,convert,,,,,,ahrefs-2026-01
cr3 to pam,cr3,pam,convert,,,,,,ahrefs-2026-01
cr3 to pbm,cr3,pbm,convert,,,,,,ahrefs-2026-01
cr3 to pcx,cr3,pcx,convert,,,,,,ahrefs-2026-01
cr3 to pdf,cr3,pdf,convert,20,10,,,,ahrefs-2026-01
cr3 to pgm,cr3,pgm,convert,,,,,,ahrefs-2026-01
cr3 to png,cr3,png,convert,1600,250,0,300,100,ahrefs-2026-01
cr3 to ppm,cr3,ppm,convert,,,,,,ahrefs-2026-01
cr3 to raf,cr3,raf,convert,,,,,,ahrefs-2026-01
cr3 to rw2,cr3,rw2,convert,,,,,,ahrefs-2026-01
cr3 to svg,cr3,svg,convert,,,,,,ahrefs-2026-01
cr3 to tga,cr3,tga,convert,,,,,,ahrefs-2026-01
cr3 to tif,cr3,tif,convert,,,,,,ahrefs-2026-01
cr3 to tiff,cr3,tiff,convert,60,10,,,,ahrefs-2026-01
cr3 to webp,cr3,webp,convert,,,,,,ahrefs-2026-01
cr3 to xbm,cr3,xbm,convert,,,,,,ahrefs-2026-01
crw to jpeg,crw,jpeg,convert,,,,,,ahrefs-2026-01
crw to jpg,crw,jpg,convert,50,10,,,,ahrefs-2026-01
csv compressor,,,compress,,,,,,tools-planner.csv (removed 2026-10-09)
csv to ascii,csv,ascii,convert,,,,,,ahrefs-2026-01
csv to avro,csv,avro,convert,,,,,,ahrefs-2026-01
csv to csv,csv,csv,convert,,,,,,ahrefs-2026-01
csv to excel,csv,excel,convert,,,,,,ahrefs-2026-01
csv to html,csv,html,convert,600,90,4,150,60,ahrefs-2026-01
csv to jpeg,csv,jpeg,convert,,,,,,ahrefs-2026-01
csv to jpg,csv,jpg,convert,400,60,0,50,10,ahrefs-2026-01
csv to json,csv,json,convert,,,,,,ahrefs-2026-01
csv to jsonlines,csv,jsonlines,convert,,,,,,ahrefs-2026-01
csv to latex,csv,latex,convert,,,,,,ahrefs-2026-01
csv to magic,csv,magic,convert,,,,,,ahrefs-2026-01
csv to markdown,csv,markdown,convert,,,,,,ahrefs-2026-01
csv to mediawiki,csv,mediawiki,convert,,,,,,ahrefs-2026-01
csv to pandasdataframe,csv,pandasdataframe,convert,,,,,,ahrefs-2026-01
csv to pdf,csv,pdf,convert,18000,2500,1,8400,1900,ahrefs-2026-01
csv to php,csv,php,convert,,,,,,ahrefs-2026-01
csv to png,csv,png,convert,450,80,0,40,40,ahrefs-2026-01
csv to sql,csv,sql,convert,,,,,,ahrefs-2026-01
csv to txt,csv,txt,convert,2200,400,0,800,250,ahrefs-2026-01
csv to xls,csv,xls,convert,3600,200,6,32000,1600,ahrefs-2026-01
csv to xlsx,csv,xlsx,convert,17000,900,3,4600,600,ahrefs-2026-01
csv to xml,csv,xml,convert,,,,,,ahrefs-2026-01
csv to yaml,csv,yaml,convert,,,,,,ahrefs-2026-01
cur to cur,cur,cur,convert,,,,,,ahrefs-2026-01
cur to dds,cur,dds,convert,,,,,,ahrefs-2026-01
cur to dng,cur,dng,convert,,,,,,ahrefs-2026-01
cur to eps,cur,eps,convert,,,,,,ahrefs-2026-01
cur to gif,cur,gif,convert,20,10,,,,ahrefs-2026-01
cur to heic,cur,heic,convert,,,,,,ahrefs-2026-01
cur to heif,cur,heif,convert,,,,,,ahrefs-2026-01
cur to icns,cur,icns,convert,,,,,,ahrefs-2026-01
cur to ico,cur,ico,convert,20,,,,,ahrefs-2026-01
cur to jfif,cur,jfif,convert,,,,,,ahrefs-2026-01
cur to jif,cur,jif,convert,,,,,,ahrefs-2026-01
cur to jpeg,cur,jpeg,convert,,,,,,ahrefs-2026-01
cur to jpg,cur,jpg,convert,20,,,,,ahrefs-2026-01
cur to jxl,cur,jxl,convert,,,,,,ahrefs-2026-01
cur to ktx,cur,ktx,convert,,,,,,ahrefs-2026-01
cur to ktx2,cur,ktx2,convert,,,,,,ahrefs-2026-01
cur to nef,cur,nef,convert,,,,,,ahrefs-2026-01
cur to orf,cur,orf,convert,,,,,,ahrefs-2026-01
cur to pam,cur,pam,convert,,,,,,ahrefs-2026-01
cur to pbm,cur,pbm,convert,,,,,,ahrefs-2026-01
cur to pcx,cur,pcx,convert,,,,,,ahrefs-2026-01
cur to pdf,cur,pdf,convert,,,,,,ahrefs-2026-01
cur to pgm,cur,pgm,convert,,,,,,ahrefs-2026-01
cur to png,cur,png,convert,1300,300,0,700,500,ahrefs-2026-01
cur to ppm,cur,ppm,convert,,,,,,ahrefs-2026-01
cur to raf,cur,raf,convert,,,,,,ahrefs-2026-01
cur to rw2,cur,rw2,convert,,,,,,ahrefs-2026-01
cur to svg,cur,svg,convert,20,,,,,ahrefs-2026-01
cur to tga,cur,tga,convert,,,,,,ahrefs-2026-01
cur to tif,cur,tif,convert,,,,,,ahrefs-2026-01
cur to tiff,cur,tiff,convert,,,,,,ahrefs-2026-01
cur to webp,cur,webp,convert,,,,,,ahrefs-2026-01
cur to xbm,cur,xbm,convert,,,,,,ahrefs-2026-01
db compressor,,,compress,,,,,,tools-planner.csv (removed 2026-10-09)
dcm to jpeg,dcm,jpeg,convert,250,60,0,40,30,ahrefs-2026-01
dcm to jpg,dcm,jpg,convert,1900,250,1,600,300,ahrefs-2026-01
dcm to pdf,dcm,pdf,convert,700,100,0,50,50,ahrefs-2026-01
dcr to hdr,dcr,hdr,convert,,,,,,ahrefs-2026-01
dds to dds,dds,dds,convert,10,,,,,ahrefs-2026-01
dds to dng,dds,dng,convert,,,,,,ahrefs-2026-01
dds to eps,dds,eps,convert,,,,,,ahrefs-2026-01
dds to gif,dds,gif,convert,,,,,,ahrefs-2026-01
dds to heic,dds,heic,convert,,,,,,ahrefs-2026-01
dds to heif,dds,heif,convert,,,,,,ahrefs-2026-01
dds to icns,dds,icns,convert,,,,,,ahrefs-2026-01
dds to ico,dds,ico,convert,,,,,,ahrefs-2026-01
dds to jfif,dds,jfif,convert,,,,,,ahrefs-2026-01
dds to jif,dds,jif,convert,,,,,,ahrefs-2026-01
dds to jpeg,dds,jpeg,convert,150,30,1,20,10,ahrefs-2026-01
dds to jpg,dds,jpg,convert,1400,150,5,400,150,ahrefs-2026-01
dds to jxl,dds,jxl,convert,,,,,,ahrefs-2026-01
dds to ktx,dds,ktx,convert,,,,,,ahrefs-2026-01
dds to ktx2,dds,ktx2,convert,10,,,,,ahrefs-2026-01
dds to nef,dds,nef,convert,,,,,,ahrefs-2026-01
dds to orf,dds,orf,convert,,,,,,ahrefs-2026-01
dds to pam,dds,pam,convert,,,,,,ahrefs-2026-01
dds to pbm,dds,pbm,convert,,,,,,ahrefs-2026-01
dds to pcx,dds,pcx,convert,,,,,,ahrefs-2026-01
dds to pdf,dds,pdf,convert,,,,,,ahrefs-2026-01
dds to pgm,dds,pgm,convert,,,,,,ahrefs-2026-01
dds to png,dds,png,convert,21000,5900,0,6500,1700,ahrefs-2026-01
dds to ppm,dds,ppm,convert,,,,,,ahrefs-2026-01
dds to raf,dds,raf,convert,,,,,,ahrefs-2026-01
dds to rw2,dds,rw2,convert,,,,,,ahrefs-2026-01
dds to svg,dds,svg,convert,40,,,,,ahrefs-2026-01
dds to tga,dds,tga,convert,350,80,0,80,70,ahrefs-2026-01
dds to tif,dds,tif,convert,,,,,,ahrefs-2026-01
dds to tiff,dds,tiff,convert,,,,,,ahrefs-2026-01
dds to webp,dds,webp,convert,,,,,,ahrefs-2026-01
dds to xbm,dds,xbm,convert,,,,,,ahrefs-2026-01
divx to mp4,divx,mp4,convert,250,60,0,40,30,ahrefs-2026-01
djvu to epub,djvu,epub,convert,1900,250,0,450,150,ahrefs-2026-01
djvu to pdf,djvu,pdf,convert,62000,8400,7,36000,8200,ahrefs-2026-01
dmg compressor,,,compress,,,,,,tools-planner.csv (removed 2026-10-09)
dng compressor,,,compress,,,,,,tools-planner.csv (removed 2026-10-09)
dng to dng,dng,dng,convert,,,,,,ahrefs-2026-01
dng to eps,dng,eps,convert,,,,,,ahrefs-2026-01
dng to gif,dng,gif,convert,,,,,,ahrefs-2026-01
dng to heic,dng,heic,convert,80,20,,,,ahrefs-2026-01
dng to heif,dng,heif,convert,,,,,,ahrefs-2026-01
dng to icns,dng,icns,convert,,,,,,ahrefs-2026-01
dng to ico,dng,ico,convert,,,,,,ahrefs-2026-01
dng to jfif,dng,jfif,convert,,,,,,ahrefs-2026-01
dng to jif,dng,jif,convert,,,,,,ahrefs-2026-01
dng to jpeg,dng,jpeg,convert,1500,250,1,3800,700,ahrefs-2026-01
dng to jpg,dng,jpg,convert,15000,1900,1,3100,1400,ahrefs-2026-01
dng to jxl,dng,jxl,convert,,,,,,ahrefs-2026-01
dng to ktx,dng,ktx,convert,,,,,,ahrefs-2026-01
dng to ktx2,dng,ktx2,convert,,,,,,ahrefs-2026-01
dng to nef,dng,nef,convert,,,,,,ahrefs-2026-01
dng to orf,dng,orf,convert,,,,,,ahrefs-2026-01
dng to pam,dng,pam,convert,,,,,,ahrefs-2026-01
dng to pbm,dng,pbm,convert,,,,,,ahrefs-2026-01
dng to pcx,dng,pcx,convert,,,,,,ahrefs-2026-01
dng to pdf,dng,pdf,convert,1100,150,0,150,60,ahrefs-2026-01
dng to pgm,dng,pgm,convert,,,,,,ahrefs-2026-01
dng to png,dng,png,convert,4600,700,1,1200,300,ahrefs-2026-01
dng to ppm,dng,ppm,convert,,,,,,ahrefs-2026-01
dng to raf,dng,raf,convert,,,,,,ahrefs-2026-01
dng to rw2,dng,rw2,convert,,,,,,ahrefs-2026-01
dng to svg,dng,svg,convert,,,,,,ahrefs-2026-01
dng to tga,dng,tga,convert,,,,,,ahrefs-2026-01
dng to tif,dng,tif,convert,,,,,,ahrefs-2026-01
dng to tiff,dng,tiff,convert,100,30,,,,ahrefs-2026-01
dng to webp,dng,webp,convert,40,,,,,ahrefs-2026-01
dng to xbm,dng,xbm,convert,,,,,,ahrefs-2026-01
dng to xpm,dng,xpm,convert,,,,,,ahrefs-2026-01
doc compressor,,,compress,,,,,,tools-planner.csv (removed 2026-10-09)
doc to azw3,doc,azw3,convert,30,,,,,ahrefs-2026-01
doc to csv,doc,csv,convert,150,20,0,300,70,ahrefs-2026-01
doc to docx,doc,docx,convert,6600,700,2,3400,600,ahrefs-2026-01
doc to epub,doc,epub,convert,1500,200,2,1300,450,ahrefs-2026-01
doc to gif,doc,gif,convert,,,,,,ahrefs-2026-01
doc to html,doc,html,convert,1400,150,2,24000,4900,ahrefs-2026-01
doc to jpeg,doc,jpeg,convert,1900,100,11,69000,2500,ahrefs-2026-01
doc to jpg,doc,jpg,convert,35000,1500,7,29000,1000,ahrefs-2026-01
doc to mobi,doc,mobi,convert,400,40,0,100,30,ahrefs-2026-01
doc to pdf,doc,pdf,convert,464000,35000,64,6630000,300000,ahrefs-2026-01
doc to png,doc,png,convert,3300,400,1,4400,400,ahrefs-2026-01
doc to ppt,doc,ppt,convert,1600,40,4,6900,600,ahrefs-2026-01
doc to pptx,doc,pptx,convert,200,10,,,,ahrefs-2026-01
doc to rtf,doc,rtf,convert,400,30,0,400,20,ahrefs-2026-01
doc to svg,doc,svg,convert,50,10,0,20,20,ahrefs-2026-01
doc to tiff,doc,tiff,convert,150,50,0,200,40,ahrefs-2026-01
doc to txt,doc,txt,convert,800,150,2,350,100,ahrefs-2026-01
doc to xls,doc,xls,convert,300,30,4,6400,150,ahrefs-2026-01
doc to xlsx,doc,xlsx,convert,250,10,,,,ahrefs-2026-01
docx compressor,,,compress,,,,,,tools-planner.csv (removed 2026-10-09)
docx to csv,docx,csv,convert,300,50,0,50,30,ahrefs-2026-01
docx to doc,docx,doc,convert,18000,2400,4,12000,2900,ahrefs-2026-01
docx to docm,docx,docm,convert,10,,,,,ahrefs-2026-01
docx to dot,docx,dot,convert,,,,,,ahrefs-2026-01
docx to dotx,docx,dotx,convert,30,10,,,,ahrefs-2026-01
docx to epub,docx,epub,convert,2100,350,0,500,70,ahrefs-2026-01
docx to html,docx,html,convert,1900,250,12,450,80,ahrefs-2026-01
docx to jpeg,docx,jpeg,convert,1000,150,1,300,80,ahrefs-2026-01
docx to jpg,docx,jpg,convert,13000,800,,,,ahrefs-2026-01
docx to mobi,docx,mobi,convert,200,50,1,50,30,ahrefs-2026-01
docx to pdf,docx,pdf,convert,335000,40000,42,6630000,300000,ahrefs-2026-01
docx to png,docx,png,convert,3800,500,0,1400,350,ahrefs-2026-01
docx to ppt,docx,ppt,convert,1300,20,,,,ahrefs-2026-01
docx to pptx,docx,pptx,convert,700,30,0,200,20,ahrefs-2026-01
docx to rtf,docx,rtf,convert,450,70,0,150,80,ahrefs-2026-01
docx to svg,docx,svg,convert,70,10,,,,ahrefs-2026-01
docx to tiff,docx,tiff,convert,50,10,,,,ahrefs-2026-01
docx to txt,docx,txt,convert,1900,300,0,400,150,ahrefs-2026-01
docx to xls,docx,xls,convert,60,,,,,ahrefs-2026-01
docx to xlsx,docx,xlsx,convert,500,30,0,100,20,ahrefs-2026-01
dot to jpg,dot,jpg,convert,20,,,,,ahrefs-2026-01
dot to pdf,dot,pdf,convert,300,70,0,60,20,ahrefs-2026-01
dot to png,dot,png,convert,200,30,0,10,10,ahrefs-2026-01
dot to xls,dot,xls,convert,,,,,,ahrefs-2026-01
dotx to docx,dotx,docx,convert,250,50,0,20,20,ahrefs-2026-01
dotx to pdf,dotx,pdf,convert,600,100,0,90,40,ahrefs-2026-01
dss to mp3,dss,mp3,convert,50,10,0,40,10,ahrefs-2026-01
dst to ai,dst,ai,convert,10,,,,,ahrefs-2026-01
dst to dot,dst,dot,convert,,,,,,ahrefs-2026-01
dst to dxf,dst,dxf,convert,,,,,,ahrefs-2026-01
dst to eps,dst,eps,convert,,,,,,ahrefs-2026-01
dst to jpeg,dst,jpeg,convert,30,10,,,,ahrefs-2026-01
dst to jpg,dst,jpg,convert,300,50,0,150,70,ahrefs-2026-01
dst to pdf,dst,pdf,convert,300,60,0,90,40,ahrefs-2026-01
dst to png,dst,png,convert,100,30,0,100,100,ahrefs-2026-01
dst to psd,dst,psd,convert,,,,,,ahrefs-2026-01
dst to svg,dst,svg,convert,20,20,,,,ahrefs-2026-01
dts to ac3,dts,ac3,convert,200,20,0,20,20,ahrefs-2026-01
dv to m4v,dv,m4v,convert,,,,,,ahrefs-2026-01
dv to mp4,dv,mp4,convert,80,20,0,10,10,ahrefs-2026-01
dwg compressor,,,compress,,,,,,tools-planner.csv (removed 2026-10-09)
dxf compressor,,,compress,,,,,,tools-planner.csv (removed 2026-10-09)
dxf to ai,dxf,ai,convert,450,10,0,20,10,ahrefs-2026-01
dxf to jpg,dxf,jpg,convert,800,100,2,150,50,ahrefs-2026-01
dxf to pdf,dxf,pdf,convert,7300,700,1,3100,500,ahrefs-2026-01
dxf to png,dxf,png,convert,1000,200,0,150,100,ahrefs-2026-01
dxf to svg,dxf,svg,convert,3800,1100,0,900,600,ahrefs-2026-01
emf to pdf,emf,pdf,convert,500,100,0,50,40,ahrefs-2026-01
emf to png,emf,png,convert,600,100,0,60,50,ahrefs-2026-01
eml to html,eml,html,convert,1000,150,0,200,150,ahrefs-2026-01
eml to pdf,eml,pdf,convert,24000,2500,3,18000,2500,ahrefs-2026-01
eps compressor,,,compress,,,,,,tools-planner.csv (removed 2026-10-09)
eps to ai,eps,ai,convert,1500,100,2,500,90,ahrefs-2026-01
eps to dxf,eps,dxf,convert,1200,150,0,450,100,ahrefs-2026-01
eps to emf,eps,emf,convert,450,40,0,100,30,ahrefs-2026-01
eps to eps,eps,eps,convert,30,,,,,ahrefs-2026-01
eps to gif,eps,gif,convert,20,,,,,ahrefs-2026-01
eps to heic,eps,heic,convert,,,,,,ahrefs-2026-01
eps to heif,eps,heif,convert,,,,,,ahrefs-2026-01
eps to icns,eps,icns,convert,,,,,,ahrefs-2026-01
eps to ico,eps,ico,convert,40,10,,,,ahrefs-2026-01
eps to jfif,eps,jfif,convert,,,,,,ahrefs-2026-01
eps to jif,eps,jif,convert,,,,,,ahrefs-2026-01
eps to jpeg,eps,jpeg,convert,600,90,1,3700,1200,ahrefs-2026-01
eps to jpg,eps,jpg,convert,4900,800,1,3700,1200,ahrefs-2026-01
eps to jxl,eps,jxl,convert,,,,,,ahrefs-2026-01
eps to ktx,eps,ktx,convert,,,,,,ahrefs-2026-01
eps to ktx2,eps,ktx2,convert,,,,,,ahrefs-2026-01
eps to nef,eps,nef,convert,,,,,,ahrefs-2026-01
eps to orf,eps,orf,convert,,,,,,ahrefs-2026-01
eps to pam,eps,pam,convert,,,,,,ahrefs-2026-01
eps to pbm,eps,pbm,convert,,,,,,ahrefs-2026-01
eps to pcx,eps,pcx,convert,,,,,,ahrefs-2026-01
eps to pdf,eps,pdf,convert,7100,700,0,3800,700,ahrefs-2026-01
eps to pgm,eps,pgm,convert,,,,,,ahrefs-2026-01
eps to png,eps,png,convert,14000,2500,4,9400,3400,ahrefs-2026-01
eps to ppm,eps,ppm,convert,,,,,,ahrefs-2026-01
eps to psd,eps,psd,convert,2200,70,0,700,40,ahrefs-2026-01
eps to raf,eps,raf,convert,,,,,,ahrefs-2026-01
eps to rw2,eps,rw2,convert,,,,,,ahrefs-2026-01
eps to svg,eps,svg,convert,24000,2200,2,18000,2800,ahrefs-2026-01
eps to tga,eps,tga,convert,,,,,,ahrefs-2026-01
eps to tif,eps,tif,convert,,,,,,ahrefs-2026-01
eps to tiff,eps,tiff,convert,150,50,2,20,20,ahrefs-2026-01
eps to webp,eps,webp,convert,60,10,,,,ahrefs-2026-01
eps to xbm,eps,xbm,convert,,,,,,ahrefs-2026-01
epub compressor,,,compress,,,,,,tools-planner.csv (removed 2026-10-09)
epub to azw3,epub,azw3,convert,9400,2800,0,6900,2600,ahrefs-2026-01
epub to djvu,epub,djvu,convert,20,,,,,ahrefs-2026-01
epub to doc,epub,doc,convert,900,100,0,500,150,ahrefs-2026-01
epub to docx,epub,docx,convert,3700,350,0,900,200,ahrefs-2026-01
epub to fb2,epub,fb2,convert,700,10,,,,ahrefs-2026-01
epub to html,epub,html,convert,600,150,0,70,60,ahrefs-2026-01
epub to mobi,epub,mobi,convert,53000,8200,12,44000,9500,ahrefs-2026-01
epub to pdf,epub,pdf,convert,412000,66000,31,238000,48000,ahrefs-2026-01
epub to txt,epub,txt,convert,5700,900,1,1300,500,ahrefs-2026-01
epub to word,epub,word,convert,3000,300,1,600,150,ahrefs-2026-01
excel compressor,,,compress,,,,,,tools-planner.csv (removed 2026-10-09)
excel to ascii,excel,ascii,convert,,,,,,ahrefs-2026-01
excel to bbcode,excel,bbcode,convert,,,,,,ahrefs-2026-01
excel to csv,excel,csv,convert,,,,,,ahrefs-2026-01
excel to excel,excel,excel,convert,,,,,,ahrefs-2026-01
excel to html,excel,html,convert,,,,,,ahrefs-2026-01
excel to jira,excel,jira,convert,,,,,,ahrefs-2026-01
excel to json,excel,json,convert,,,,,,ahrefs-2026-01
excel to jsonlines,excel,jsonlines,convert,,,,,,ahrefs-2026-01
excel to latex,excel,latex,convert,,,,,,ahrefs-2026-01
excel to markdown,excel,markdown,convert,,,,,,ahrefs-2026-01
excel to pandasdataframe,excel,pandasdataframe,convert,,,,,,ahrefs-2026-01
excel to php,excel,php,convert,,,,,,ahrefs-2026-01
excel to png,excel,png,convert,,,,,,ahrefs-2026-01
excel to sql,excel,sql,convert,,,,,,ahrefs-2026-01
excel to xml,excel,xml,convert,,,,,,ahrefs-2026-01
excel to yaml,excel,yaml,convert,,,,,,ahrefs-2026-01
exe compressor,,,compress,,,,,,tools-planner.csv (removed 2026-10-09)
exp to eps,exp,eps,convert,,,,,,ahrefs-2026-01
exp to svg,exp,svg,convert,,,,,,ahrefs-2026-01
exr to hdr,exr,hdr,convert,450,40,0,70,30,ahrefs-2026-01
exr to jpeg,exr,jpeg,convert,70,10,,,,ahrefs-2026-01
exr to jpg,exr,jpg,convert,600,70,1,100,30,ahrefs-2026-01
exr to png,exr,png,convert,1500,250,0,300,100,ahrefs-2026-01
f4v to mp4,f4v,mp4,convert,300,80,1,70,60,ahrefs-2026-01
fb2 to epub,fb2,epub,convert,3300,200,1,1000,250,ahrefs-2026-01
fb2 to mobi,fb2,mobi,convert,2200,80,0,450,40,ahrefs-2026-01
fig to tiff,fig,tiff,convert,,,,,,ahrefs-2026-01
flac to aac,flac,aac,convert,400,150,0,80,70,ahrefs-2026-01
flac to aiff,flac,aiff,convert,600,150,0,150,90,ahrefs-2026-01
flac to alac,flac,alac,convert,1400,600,2,500,300,ahrefs-2026-01
flac to m4a,flac,m4a,convert,600,250,0,200,200,ahrefs-2026-01
flac to mp3,flac,mp3,convert,28000,7600,8,14000,4800,ahrefs-2026-01
flac to wav,flac,wav,convert,5800,1300,2,2400,1000,ahrefs-2026-01
flac to wma,flac,wma,convert,60,10,,,,ahrefs-2026-01
flv to avi,flv,avi,convert,300,90,1,90,90,ahrefs-2026-01
flv to mov,flv,mov,convert,150,60,1,50,40,ahrefs-2026-01
flv to mp3,flv,mp3,convert,6100,1000,2,500,150,ahrefs-2026-01
flv to mp4,flv,mp4,convert,9800,2600,7,9400,4200,ahrefs-2026-01
flv to mpeg,flv,mpeg,convert,40,10,1,0,0,ahrefs-2026-01
flv to swf,flv,swf,convert,30,10,,,,ahrefs-2026-01
flv to wmv,flv,wmv,convert,150,60,0,80,80,ahrefs-2026-01
folder compressor,,,compress,,,,,,tools-planner.csv (removed 2026-10-09)
gif to avi,gif,avi,convert,450,100,3,200,150,ahrefs-2026-01
gif to avif,gif,avif,convert,450,80,0,30,30,ahrefs-2026-01
gif to bmp,gif,bmp,convert,300,60,0,30,30,ahrefs-2026-01
gif to cur,gif,cur,convert,100,30,0,40,40,ahrefs-2026-01
gif to gif,gif,gif,convert,1000,300,82,20000,6600,ahrefs-2026-01
gif to hdr,gif,hdr,convert,,,,,,ahrefs-2026-01
gif to heic,gif,heic,convert,100,50,0,10,10,ahrefs-2026-01
gif to heif,gif,heif,convert,60,20,,,,ahrefs-2026-01
gif to icns,gif,icns,convert,,,,,,ahrefs-2026-01
gif to ico,gif,ico,convert,600,90,1,100,30,ahrefs-2026-01
gif to jfif,gif,jfif,convert,10,,,,,ahrefs-2026-01
gif to jif,gif,jif,convert,,,,,,ahrefs-2026-01
gif to jpeg,gif,jpeg,convert,2600,350,10,9100,1900,ahrefs-2026-01
gif to jpg,gif,jpg,convert,28000,3700,11,7800,2200,ahrefs-2026-01
gif to jxl,gif,jxl,convert,10,10,,,,ahrefs-2026-01
gif to ktx,gif,ktx,convert,,,,,,ahrefs-2026-01
gif to ktx2,gif,ktx2,convert,,,,,,ahrefs-2026-01
gif to mkv,gif,mkv,convert,40,10,,,,ahrefs-2026-01
gif to mov,gif,mov,convert,1900,700,6,1200,600,ahrefs-2026-01
gif to mp4,gif,mp4,convert,117000,33000,28,116000,44000,ahrefs-2026-01
gif to nef,gif,nef,convert,,,,,,ahrefs-2026-01
gif to orf,gif,orf,convert,,,,,,ahrefs-2026-01
gif to pam,gif,pam,convert,,,,,,ahrefs-2026-01
gif to pbm,gif,pbm,convert,,,,,,ahrefs-2026-01
gif to pcx,gif,pcx,convert,,,,,,ahrefs-2026-01
gif to pdf,gif,pdf,convert,5400,600,1,4300,700,ahrefs-2026-01
gif to pgm,gif,pgm,convert,,,,,,ahrefs-2026-01
gif to png,gif,png,convert,36000,9400,5,27000,9700,ahrefs-2026-01
gif to ppm,gif,ppm,convert,,,,,,ahrefs-2026-01
gif to psd,gif,psd,convert,60,20,,,,ahrefs-2026-01
gif to raf,gif,raf,convert,,,,,,ahrefs-2026-01
gif to rw2,gif,rw2,convert,,,,,,ahrefs-2026-01
gif to svg,gif,svg,convert,1300,200,0,150,50,ahrefs-2026-01
gif to swf,gif,swf,convert,150,20,0,10,10,ahrefs-2026-01
gif to tga,gif,tga,convert,200,60,0,40,20,ahrefs-2026-01
gif to tif,gif,tif,convert,10,10,,,,ahrefs-2026-01
gif to tiff,gif,tiff,convert,100,30,0,20,20,ahrefs-2026-01
gif to webm,gif,webm,convert,5900,1100,4,2500,1000,ahrefs-2026-01
gif to webp,gif,webp,convert,8300,1000,7,3400,700,ahrefs-2026-01
gif to wmv,gif,wmv,convert,90,30,0,30,20,ahrefs-2026-01
gif to xbm,gif,xbm,convert,,,,,,ahrefs-2026-01
gsm to mp3,gsm,mp3,convert,1300,40,0,450,10,ahrefs-2026-01
gz compressor,,,compress,,,,,,tools-planner.csv (removed 2026-10-09)
gzip compressor,,,compress,,,,,,tools-planner.csv (removed 2026-10-09)
hdr to jpeg,hdr,jpeg,convert,70,10,,,,ahrefs-2026-01
hdr to jpg,hdr,jpg,convert,700,40,0,200,20,ahrefs-2026-01
heic to gif,heic,gif,convert,350,100,0,50,50,ahrefs-2026-01
heic to heic,heic,heic,convert,,,,,,ahrefs-2026-01
heic to heif,heic,heif,convert,10,,,,,ahrefs-2026-01
heic to icns,heic,icns,convert,,,,,,ahrefs-2026-01
heic to ico,heic,ico,convert,20,10,,,,ahrefs-2026-01
heic to jfif,heic,jfif,convert,,,,,,ahrefs-2026-01
heic to jif,heic,jif,convert,,,,,,ahrefs-2026-01
heic to jpeg,heic,jpeg,convert,76000,18000,39,963000,380000,ahrefs-2026-01
heic to jpg,heic,jpg,convert,1070000,226000,28,964000,380000,ahrefs-2026-01
heic to jxl,heic,jxl,convert,,,,,,ahrefs-2026-01
heic to ktx,heic,ktx,convert,,,,,,ahrefs-2026-01
heic to ktx2,heic,ktx2,convert,,,,,,ahrefs-2026-01
heic to mp4,heic,mp4,convert,3300,450,1,900,250,ahrefs-2026-01
heic to nef,heic,nef,convert,,,,,,ahrefs-2026-01
heic to orf,heic,orf,convert,,,,,,ahrefs-2026-01
heic to pam,heic,pam,convert,,,,,,ahrefs-2026-01
heic to pbm,heic,pbm,convert,,,,,,ahrefs-2026-01
heic to pcx,heic,pcx,convert,,,,,,ahrefs-2026-01
heic to pdf,heic,pdf,convert,106000,33000,2,39000,21000,ahrefs-2026-01
heic to pgm,heic,pgm,convert,,,,,,ahrefs-2026-01
heic to png,heic,png,convert,163000,42000,7,75000,15000,ahrefs-2026-01
heic to ppm,heic,ppm,convert,,,,,,ahrefs-2026-01
heic to psd,heic,psd,convert,100,20,,,,ahrefs-2026-01
heic to raf,heic,raf,convert,,,,,,ahrefs-2026-01
heic to rw2,heic,rw2,convert,,,,,,ahrefs-2026-01
heic to svg,heic,svg,convert,80,60,0,20,20,ahrefs-2026-01
heic to tga,heic,tga,convert,,,,,,ahrefs-2026-01
heic to tif,heic,tif,convert,40,10,,,,ahrefs-2026-01
heic to tiff,heic,tiff,convert,450,100,0,50,50,ahrefs-2026-01
heic to webp,heic,webp,convert,1800,200,0,150,70,ahrefs-2026-01
heic to xbm,heic,xbm,convert,,,,,,ahrefs-2026-01
heif to heif,heif,heif,convert,,,,,,ahrefs-2026-01
heif to icns,heif,icns,convert,,,,,,ahrefs-2026-01
heif to ico,heif,ico,convert,,,,,,ahrefs-2026-01
heif to jfif,heif,jfif,convert,,,,,,ahrefs-2026-01
heif to jif,heif,jif,convert,,,,,,ahrefs-2026-01
heif to jpeg,heif,jpeg,convert,1900,600,1,11000,2800,ahrefs-2026-01
heif to jpg,heif,jpg,convert,26000,4900,1,10000,2800,ahrefs-2026-01
heif to jxl,heif,jxl,convert,,,,,,ahrefs-2026-01
heif to ktx,heif,ktx,convert,,,,,,ahrefs-2026-01
heif to ktx2,heif,ktx2,convert,,,,,,ahrefs-2026-01
heif to nef,heif,nef,convert,,,,,,ahrefs-2026-01
heif to orf,heif,orf,convert,,,,,,ahrefs-2026-01
heif to pam,heif,pam,convert,,,,,,ahrefs-2026-01
heif to pbm,heif,pbm,convert,,,,,,ahrefs-2026-01
heif to pcx,heif,pcx,convert,,,,,,ahrefs-2026-01
heif to pdf,heif,pdf,convert,3800,1400,1,1100,600,ahrefs-2026-01
heif to pgm,heif,pgm,convert,,,,,,ahrefs-2026-01
heif to png,heif,png,convert,3200,900,1,1000,450,ahrefs-2026-01
heif to ppm,heif,ppm,convert,,,,,,ahrefs-2026-01
heif to raf,heif,raf,convert,,,,,,ahrefs-2026-01
heif to rw2,heif,rw2,convert,,,,,,ahrefs-2026-01
heif to svg,heif,svg,convert,,,,,,ahrefs-2026-01
heif to tga,heif,tga,convert,,,,,,ahrefs-2026-01
heif to tif,heif,tif,convert,,,,,,ahrefs-2026-01
heif to tiff,heif,tiff,convert,10,10,,,,ahrefs-2026-01
heif to webp,heif,webp,convert,30,10,,,,ahrefs-2026-01
heif to xbm,heif,xbm,convert,,,,,,ahrefs-2026-01
hevc to mjpeg,hevc,mjpeg,convert,,,,,,ahrefs-2026-01
hevc to mov,hevc,mov,convert,500,100,0,70,60,ahrefs-2026-01
hevc to mp4,hevc,mp4,convert,23000,2600,3,14000,2400,ahrefs-2026-01
htm to pdf,htm,pdf,convert,7800,800,0,7300,1300,ahrefs-2026-01
html compressor,,,compress,,,,,,tools-planner.csv (removed 2026-10-09)
html to bbcode,html,bbcode,convert,,,,,,ahrefs-2026-01
html to csv,html,csv,convert,1600,350,4,1500,600,ahrefs-2026-01
html to doc,html,doc,convert,800,100,4,1500,250,ahrefs-2026-01
html to docx,html,docx,convert,2000,300,6,800,200,ahrefs-2026-01
html to epub,html,epub,convert,600,150,2,150,90,ahrefs-2026-01
html to excel,html,excel,convert,,,,,,ahrefs-2026-01
html to gif,html,gif,convert,1700,300,0,800,450,ahrefs-2026-01
html to html,html,html,convert,,,,,,ahrefs-2026-01
html to jpeg,html,jpeg,convert,4100,500,1,2600,150,ahrefs-2026-01
html to jpg,html,jpg,convert,37000,2500,8,38000,3900,ahrefs-2026-01
html to json,html,json,convert,,,,,,ahrefs-2026-01
html to latex,html,latex,convert,,,,,,ahrefs-2026-01
html to lrf,html,lrf,convert,,,,,,ahrefs-2026-01
html to markdown,html,markdown,convert,,,,,,ahrefs-2026-01
html to mp3,html,mp3,convert,800,200,30,200,150,ahrefs-2026-01
html to pdf,html,pdf,convert,119000,12000,37,71000,9400,ahrefs-2026-01
html to png,html,png,convert,17000,2700,0,8800,2800,ahrefs-2026-01
html to ppt,html,ppt,convert,1300,80,0,350,60,ahrefs-2026-01
html to psd,html,psd,convert,250,30,0,30,10,ahrefs-2026-01
html to rtf,html,rtf,convert,150,60,0,60,60,ahrefs-2026-01
html to six,html,six,convert,,,,,,ahrefs-2026-01
html to svg,html,svg,convert,800,150,22,250,90,ahrefs-2026-01
html to txt,html,txt,convert,1500,200,1,600,200,ahrefs-2026-01
html to webp,html,webp,convert,200,30,,,,ahrefs-2026-01
html to word,html,word,convert,9100,700,7,5900,450,ahrefs-2026-01
html to xls,html,xls,convert,300,60,1,2700,150,ahrefs-2026-01
html to xlsx,html,xlsx,convert,600,50,1,100,30,ahrefs-2026-01
html to xml,html,xml,convert,,,,,,ahrefs-2026-01
html to xps,html,xps,convert,,,,,,ahrefs-2026-01
icns compressor,,,compress,,,,,,tools-planner.csv (removed 2026-10-09)
icns to icns,icns,icns,convert,,,,,,ahrefs-2026-01
icns to ico,icns,ico,convert,500,80,0,70,40,ahrefs-2026-01
icns to jfif,icns,jfif,convert,,,,,,ahrefs-2026-01
icns to jif,icns,jif,convert,,,,,,ahrefs-2026-01
icns to jpeg,icns,jpeg,convert,,,,,,ahrefs-2026-01
icns to jpg,icns,jpg,convert,20,,,,,ahrefs-2026-01
icns to jxl,icns,jxl,convert,,,,,,ahrefs-2026-01
icns to ktx,icns,ktx,convert,,,,,,ahrefs-2026-01
icns to ktx2,icns,ktx2,convert,,,,,,ahrefs-2026-01
icns to nef,icns,nef,convert,,,,,,ahrefs-2026-01
icns to orf,icns,orf,convert,,,,,,ahrefs-2026-01
icns to pam,icns,pam,convert,,,,,,ahrefs-2026-01
icns to pbm,icns,pbm,convert,,,,,,ahrefs-2026-01
icns to pcx,icns,pcx,convert,,,,,,ahrefs-2026-01
icns to pdf,icns,pdf,convert,,,,,,ahrefs-2026-01
icns to pgm,icns,pgm,convert,,,,,,ahrefs-2026-01
icns to png,icns,png,convert,1200,200,0,250,80,ahrefs-2026-01
icns to ppm,icns,ppm,convert,,,,,,ahrefs-2026-01
icns to raf,icns,raf,convert,,,,,,ahrefs-2026-01
icns to rw2,icns,rw2,convert,,,,,,ahrefs-2026-01
icns to svg,icns,svg,convert,50,10,,,,ahrefs-2026-01
icns to tga,icns,tga,convert,,,,,,ahrefs-2026-01
icns to tif,icns,tif,convert,,,,,,ahrefs-2026-01
icns to tiff,icns,tiff,convert,,,,,,ahrefs-2026-01
icns to webp,icns,webp,convert,,,,,,ahrefs-2026-01
icns to xbm,icns,xbm,convert,,,,,,ahrefs-2026-01
ico compressor,,,compress,,,,,,tools-planner.csv (removed 2026-10-09)
ico to ico,ico,ico,convert,30,,,,,ahrefs-2026-01
ico to jfif,ico,jfif,convert,,,,,,ahrefs-2026-01
ico to jif,ico,jif,convert,,,,,,ahrefs-2026-01
ico to jpg,ico,jpg,convert,900,100,0,150,70,ahrefs-2026-01
ico to jxl,ico,jxl,convert,,,,,,ahrefs-2026-01
ico to ktx,ico,ktx,convert,,,,,,ahrefs-2026-01
ico to ktx2,ico,ktx2,convert,,,,,,ahrefs-2026-01
ico to nef,ico,nef,convert,,,,,,ahrefs-2026-01
ico to orf,ico,orf,convert,,,,,,ahrefs-2026-01
ico to pam,ico,pam,convert,,,,,,ahrefs-2026-01
ico to pbm,ico,pbm,convert,,,,,,ahrefs-2026-01
ico to pcx,ico,pcx,convert,,,,,,ahrefs-2026-01
ico to pdf,ico,pdf,convert,20,10,,,,ahrefs-2026-01
ico to pgm,ico,pgm,convert,,,,,,ahrefs-2026-01
ico to png,ico,png,convert,12000,1900,6,5500,800,ahrefs-2026-01
ico to ppm,ico,ppm,convert,,,,,,ahrefs-2026-01
ico to raf,ico,raf,convert,,,,,,ahrefs-2026-01
ico to rw2,ico,rw2,convert,,,,,,ahrefs-2026-01
ico to svg,ico,svg,convert,1100,150,0,300,80,ahrefs-2026-01
ico to tga,ico,tga,convert,40,10,,,,ahrefs-2026-01
ico to tif,ico,tif,convert,,,,,,ahrefs-2026-01
ico to tiff,ico,tiff,convert,,,,,,ahrefs-2026-01
ico to webp,ico,webp,convert,100,10,,,,ahrefs-2026-01
ico to xbm,ico,xbm,convert,10,,,,,ahrefs-2026-01
image to pdf,image,pdf,convert,1880000,34000,64,10970000,255000,ahrefs-2026-01
indd compressor,,,compress,,,,,,tools-planner.csv (removed 2026-10-09)
ipa compressor,,,compress,,,,,,tools-planner.csv (removed 2026-10-09)
iso compressor,,,compress,,,,,,tools-planner.csv (removed 2026-10-09)
jar to zip,jar,zip,convert,1900,600,0,500,350,ahrefs-2026-01
jfif to ico,jfif,ico,convert,450,60,0,30,30,ahrefs-2026-01
jfif to jfif,jfif,jfif,convert,,,,,,ahrefs-2026-01
jfif to jif,jfif,jif,convert,,,,,,ahrefs-2026-01
jfif to jpeg,jfif,jpeg,convert,16000,1500,4,209000,27000,ahrefs-2026-01
jfif to jpg,jfif,jpg,convert,268000,28000,4,206000,28000,ahrefs-2026-01
jfif to jxl,jfif,jxl,convert,,,,,,ahrefs-2026-01
jfif to ktx,jfif,ktx,convert,,,,,,ahrefs-2026-01
jfif to ktx2,jfif,ktx2,convert,,,,,,ahrefs-2026-01
jfif to nef,jfif,nef,convert,,,,,,ahrefs-2026-01
jfif to orf,jfif,orf,convert,,,,,,ahrefs-2026-01
jfif to pam,jfif,pam,convert,,,,,,ahrefs-2026-01
jfif to pbm,jfif,pbm,convert,,,,,,ahrefs-2026-01
jfif to pcx,jfif,pcx,convert,,,,,,ahrefs-2026-01
jfif to pdf,jfif,pdf,convert,63000,1300,1,22000,700,ahrefs-2026-01
jfif to pgm,jfif,pgm,convert,,,,,,ahrefs-2026-01
jfif to png,jfif,png,convert,55000,5100,1,24000,5300,ahrefs-2026-01
jfif to ppm,jfif,ppm,convert,,,,,,ahrefs-2026-01
jfif to raf,jfif,raf,convert,,,,,,ahrefs-2026-01
jfif to rw2,jfif,rw2,convert,,,,,,ahrefs-2026-01
jfif to svg,jfif,svg,convert,150,40,0,10,10,ahrefs-2026-01
jfif to tga,jfif,tga,convert,,,,,,ahrefs-2026-01
jfif to tif,jfif,tif,convert,,,,,,ahrefs-2026-01
jfif to tiff,jfif,tiff,convert,40,,,,,ahrefs-2026-01
jfif to webp,jfif,webp,convert,1000,50,0,200,20,ahrefs-2026-01
jfif to xbm,jfif,xbm,convert,,,,,,ahrefs-2026-01
jif to jif,jif,jif,convert,,,,,,ahrefs-2026-01
jif to jpeg,jif,jpeg,convert,250,30,3,3000,200,ahrefs-2026-01
jif to jpg,jif,jpg,convert,7400,250,2,3000,200,ahrefs-2026-01
jif to jxl,jif,jxl,convert,,,,,,ahrefs-2026-01
jif to ktx,jif,ktx,convert,,,,,,ahrefs-2026-01
jif to ktx2,jif,ktx2,convert,,,,,,ahrefs-2026-01
jif to nef,jif,nef,convert,,,,,,ahrefs-2026-01
jif to orf,jif,orf,convert,,,,,,ahrefs-2026-01
jif to pam,jif,pam,convert,,,,,,ahrefs-2026-01
jif to pbm,jif,pbm,convert,,,,,,ahrefs-2026-01
jif to pcx,jif,pcx,convert,,,,,,ahrefs-2026-01
jif to pdf,jif,pdf,convert,2300,30,0,350,10,ahrefs-2026-01
jif to pgm,jif,pgm,convert,,,,,,ahrefs-2026-01
jif to png,jif,png,convert,1300,150,0,700,150,ahrefs-2026-01
jif to ppm,jif,ppm,convert,,,,,,ahrefs-2026-01
jif to raf,jif,raf,convert,,,,,,ahrefs-2026-01
jif to rw2,jif,rw2,convert,,,,,,ahrefs-2026-01
jif to svg,jif,svg,convert,,,,,,ahrefs-2026-01
jif to tga,jif,tga,convert,,,,,,ahrefs-2026-01
jif to tif,jif,tif,convert,,,,,,ahrefs-2026-01
jif to tiff,jif,tiff,convert,,,,,,ahrefs-2026-01
jif to webp,jif,webp,convert,10,,,,,ahrefs-2026-01
jif to xbm,jif,xbm,convert,,,,,,ahrefs-2026-01
jp2 to jpeg,jp2,jpeg,convert,90,20,0,350,100,ahrefs-2026-01
jp2 to jpg,jp2,jpg,convert,1600,200,0,350,100,ahrefs-2026-01
jpeg to ai,jpeg,ai,convert,1300,90,0,600,70,ahrefs-2026-01
jpeg to avif,jpeg,avif,convert,800,70,2,4500,250,ahrefs-2026-01
jpeg to bmp,jpeg,bmp,convert,1700,200,0,700,200,ahrefs-2026-01
jpeg to doc,jpeg,doc,convert,1000,90,0,14000,400,ahrefs-2026-01
jpeg to dxf,jpeg,dxf,convert,5400,450,0,3100,500,ahrefs-2026-01
jpeg to eps,jpeg,eps,convert,800,100,0,300,150,ahrefs-2026-01
jpeg to gif,jpeg,gif,convert,2800,350,4,1700,500,ahrefs-2026-01
jpeg to hdr,jpeg,hdr,convert,150,10,0,20,10,ahrefs-2026-01
jpeg to heic,jpeg,heic,convert,450,60,,,,ahrefs-2026-01
jpeg to ico,jpeg,ico,convert,6300,1100,1,3600,1100,ahrefs-2026-01
jpeg to jpeg,jpeg,jpeg,convert,2000,60,30,507000,12000,ahrefs-2026-01
jpeg to jpg,jpeg,jpg,convert,411000,7100,46,503000,12000,ahrefs-2026-01
jpeg to jxl,jpeg,jxl,convert,10,10,,,,ahrefs-2026-01
jpeg to ktx,jpeg,ktx,convert,,,,,,ahrefs-2026-01
jpeg to ktx2,jpeg,ktx2,convert,,,,,,ahrefs-2026-01
jpeg to nef,jpeg,nef,convert,10,,,,,ahrefs-2026-01
jpeg to orf,jpeg,orf,convert,,,,,,ahrefs-2026-01
jpeg to pam,jpeg,pam,convert,,,,,,ahrefs-2026-01
jpeg to pbm,jpeg,pbm,convert,,,,,,ahrefs-2026-01
jpeg to pcx,jpeg,pcx,convert,10,,,,,ahrefs-2026-01
jpeg to pdf,jpeg,pdf,convert,723000,39000,73,11080000,275000,ahrefs-2026-01
jpeg to pgm,jpeg,pgm,convert,10,,,,,ahrefs-2026-01
jpeg to png,jpeg,png,convert,105000,8100,42,64000,9700,ahrefs-2026-01
jpeg to ppm,jpeg,ppm,convert,30,10,0,0,0,ahrefs-2026-01
jpeg to psd,jpeg,psd,convert,1100,70,0,400,40,ahrefs-2026-01
jpeg to raf,jpeg,raf,convert,,,,,,ahrefs-2026-01
jpeg to rgb,jpeg,rgb,convert,40,10,,,,ahrefs-2026-01
jpeg to rw2,jpeg,rw2,convert,,,,,,ahrefs-2026-01
jpeg to svg,jpeg,svg,convert,14000,4000,61,54000,25000,ahrefs-2026-01
jpeg to tga,jpeg,tga,convert,150,20,0,250,200,ahrefs-2026-01
jpeg to tif,jpeg,tif,convert,300,30,0,100,20,ahrefs-2026-01
jpeg to tiff,jpeg,tiff,convert,2100,250,1,1800,300,ahrefs-2026-01
jpeg to webp,jpeg,webp,convert,25000,1400,27,8500,600,ahrefs-2026-01
jpeg to xbm,jpeg,xbm,convert,,,,,,ahrefs-2026-01
jpg to ai,jpg,ai,convert,4900,200,4,5500,500,ahrefs-2026-01
jpg to avif,jpg,avif,convert,3800,250,2,2900,200,ahrefs-2026-01
jpg to bmp,jpg,bmp,convert,8400,800,3,9700,1200,ahrefs-2026-01
jpg to cur,jpg,cur,convert,300,40,0,10,10,ahrefs-2026-01
jpg to dds,jpg,dds,convert,2300,200,1,700,100,ahrefs-2026-01
jpg to doc,jpg,doc,convert,7900,350,6,32000,900,ahrefs-2026-01
jpg to docx,jpg,docx,convert,3700,250,2,2700,150,ahrefs-2026-01
jpg to dot,jpg,dot,convert,,,,,,ahrefs-2026-01
jpg to dxf,jpg,dxf,convert,22000,1000,2,40000,2100,ahrefs-2026-01
jpg to eps,jpg,eps,convert,3200,400,3,2600,700,ahrefs-2026-01
jpg to gif,jpg,gif,convert,16000,1300,10,13000,900,ahrefs-2026-01
jpg to hdr,jpg,hdr,convert,800,80,0,2000,80,ahrefs-2026-01
jpg to heic,jpg,heic,convert,1400,400,6,350,90,ahrefs-2026-01
jpg to heif,jpg,heif,convert,450,70,0,30,30,ahrefs-2026-01
jpg to ico,jpg,ico,convert,23000,2700,7,9600,2600,ahrefs-2026-01
jpg to jfif,jpg,jfif,convert,500,30,0,60,10,ahrefs-2026-01
jpg to jpeg,jpg,jpeg,convert,139000,3400,7,76000,3200,ahrefs-2026-01
jpg to jpg,jpg,jpg,convert,19000,450,26,505000,12000,ahrefs-2026-01
jpg to jxl,jpg,jxl,convert,90,30,,,,ahrefs-2026-01
jpg to ktx,jpg,ktx,convert,,,,,,ahrefs-2026-01
jpg to ktx2,jpg,ktx2,convert,,,,,,ahrefs-2026-01
jpg to odt,jpg,odt,convert,40,,,,,ahrefs-2026-01
jpg to orf,jpg,orf,convert,,,,,,ahrefs-2026-01
jpg to pam,jpg,pam,convert,,,,,,ahrefs-2026-01
jpg to pbm,jpg,pbm,convert,40,10,,,,ahrefs-2026-01
jpg to pcd,jpg,pcd,convert,,,,,,ahrefs-2026-01
jpg to pcx,jpg,pcx,convert,70,10,0,,,ahrefs-2026-01
jpg to pgm,jpg,pgm,convert,90,10,0,0,0,ahrefs-2026-01
jpg to plt,jpg,plt,convert,2400,20,0,1400,10,ahrefs-2026-01
jpg to png,jpg,png,convert,478000,39000,39,418000,31000,ahrefs-2026-01
jpg to ppm,jpg,ppm,convert,200,50,0,20,20,ahrefs-2026-01
jpg to psd,jpg,psd,convert,5600,250,0,3500,150,ahrefs-2026-01
jpg to raf,jpg,raf,convert,10,,,,,ahrefs-2026-01
jpg to rgb,jpg,rgb,convert,200,20,0,30,30,ahrefs-2026-01
jpg to rw2,jpg,rw2,convert,,,,,,ahrefs-2026-01
jpg to sk,jpg,sk,convert,,,,,,ahrefs-2026-01
jpg to svg,jpg,svg,convert,49000,9600,57,35000,8500,ahrefs-2026-01
jpg to text,jpg,text,convert,82000,1700,67,202000,4000,ahrefs-2026-01
jpg to tga,jpg,tga,convert,900,150,0,250,200,ahrefs-2026-01
jpg to tiff,jpg,tiff,convert,6400,600,4,7200,900,ahrefs-2026-01
jpg to txt,jpg,txt,convert,5600,250,12,2400,150,ahrefs-2026-01
jpg to wbmp,jpg,wbmp,convert,,,,,,ahrefs-2026-01
jpg to webp,jpg,webp,convert,114000,5400,32,60000,2700,ahrefs-2026-01
jpg to xbm,jpg,xbm,convert,20,,,,,ahrefs-2026-01
jps to pdf,jps,pdf,convert,200,40,69,11240000,249000,ahrefs-2026-01
json compressor,,,compress,,,,,,tools-planner.csv (removed 2026-10-09)
json to avro,json,avro,convert,,,,,,ahrefs-2026-01
json to csv,json,csv,convert,,,,,,ahrefs-2026-01
json to excel,json,excel,convert,,,,,,ahrefs-2026-01
json to html,json,html,convert,,,,,,ahrefs-2026-01
json to jpeg,json,jpeg,convert,,,,,,ahrefs-2026-01
json to json,json,json,convert,,,,,,ahrefs-2026-01
json to magic,json,magic,convert,,,,,,ahrefs-2026-01
json to markdown,json,markdown,convert,,,,,,ahrefs-2026-01
json to pandasdataframe,json,pandasdataframe,convert,,,,,,ahrefs-2026-01
json to pdf,json,pdf,convert,,,,,,ahrefs-2026-01
json to php,json,php,convert,,,,,,ahrefs-2026-01
json to png,json,png,convert,,,,,,ahrefs-2026-01
json to protobuf,json,protobuf,convert,,,,,,ahrefs-2026-01
json to sql,json,sql,convert,,,,,,ahrefs-2026-01
json to xml,json,xml,convert,,,,,,ahrefs-2026-01
jsonl compressor,,,compress,,,,,,tools-planner.csv (removed 2026-10-09)
jxl to jxl,jxl,jxl,convert,,,,,,ahrefs-2026-01
jxl to ktx,jxl,ktx,convert,,,,,,ahrefs-2026-01
jxl to ktx2,jxl,ktx2,convert,,,,,,ahrefs-2026-01
jxl to nef,jxl,nef,convert,,,,,,ahrefs-2026-01
jxl to orf,jxl,orf,convert,,,,,,ahrefs-2026-01
jxl to pam,jxl,pam,convert,,,,,,ahrefs-2026-01
jxl to pbm,jxl,pbm,convert,,,,,,ahrefs-2026-01
jxl to pcx,jxl,pcx,convert,,,,,,ahrefs-2026-01
jxl to pdf,jxl,pdf,convert,,,,,,ahrefs-2026-01
jxl to pgm,jxl,pgm,convert,,,,,,ahrefs-2026-01
jxl to png,jxl,png,convert,300,70,,,,ahrefs-2026-01
jxl to ppm,jxl,ppm,convert,,,,,,ahrefs-2026-01
jxl to raf,jxl,raf,convert,,,,,,ahrefs-2026-01
jxl to rw2,jxl,rw2,convert,,,,,,ahrefs-2026-01
jxl to svg,jxl,svg,convert,,,,,,ahrefs-2026-01
jxl to tga,jxl,tga,convert,,,,,,ahrefs-2026-01
jxl to tif,jxl,tif,convert,,,,,,ahrefs-2026-01
jxl to tiff,jxl,tiff,convert,,,,,,ahrefs-2026-01
jxl to webp,jxl,webp,convert,,,,,,ahrefs-2026-01
jxl to xbm,jxl,xbm,convert,,,,,,ahrefs-2026-01
ktx to ktx,ktx,ktx,convert,,,,,,ahrefs-2026-01
ktx to ktx2,ktx,ktx2,convert,,,,,,ahrefs-2026-01
ktx to nef,ktx,nef,convert,,,,,,ahrefs-2026-01
ktx to orf,ktx,orf,convert,,,,,,ahrefs-2026-01
ktx to pam,ktx,pam,convert,,,,,,ahrefs-2026-01
ktx to pbm,ktx,pbm,convert,,,,,,ahrefs-2026-01
ktx to pcx,ktx,pcx,convert,,,,,,ahrefs-2026-01
ktx to pdf,ktx,pdf,convert,,,,,,ahrefs-2026-01
ktx to pgm,ktx,pgm,convert,,,,,,ahrefs-2026-01
ktx to png,ktx,png,convert,150,20,0,10,10,ahrefs-2026-01
ktx to ppm,ktx,ppm,convert,,,,,,ahrefs-2026-01
ktx to raf,ktx,raf,convert,,,,,,ahrefs-2026-01
ktx to rw2,ktx,rw2,convert,,,,,,ahrefs-2026-01
ktx to svg,ktx,svg,convert,,,,,,ahrefs-2026-01
ktx to tga,ktx,tga,convert,,,,,,ahrefs-2026-01
ktx to tif,ktx,tif,convert,,,,,,ahrefs-2026-01
ktx to tiff,ktx,tiff,convert,,,,,,ahrefs-2026-01
ktx to webp,ktx,webp,convert,,,,,,ahrefs-2026-01
ktx to xbm,ktx,xbm,convert,,,,,,ahrefs-2026-01
ktx2 to ktx2,ktx2,ktx2,convert,,,,,,ahrefs-2026-01
ktx2 to nef,ktx2,nef,convert,,,,,,ahrefs-2026-01
ktx2 to orf,ktx2,orf,convert,,,,,,ahrefs-2026-01
ktx2 to pam,ktx2,pam,convert,,,,,,ahrefs-2026-01
ktx2 to pbm,ktx2,pbm,convert,,,,,,ahrefs-2026-01
ktx2 to pcx,ktx2,pcx,convert,,,,,,ahrefs-2026-01
ktx2 to pdf,ktx2,pdf,convert,,,,,,ahrefs-2026-01
ktx2 to pgm,ktx2,pgm,convert,,,,,,ahrefs-2026-01
ktx2 to png,ktx2,png,convert,90,10,,,,ahrefs-2026-01
ktx2 to ppm,ktx2,ppm,convert,,,,,,ahrefs-2026-01
ktx2 to raf,ktx2,raf,convert,,,,,,ahrefs-2026-01
ktx2 to rw2,ktx2,rw2,convert,,,,,,ahrefs-2026-01
ktx2 to svg,ktx2,svg,convert,,,,,,ahrefs-2026-01
ktx2 to tga,ktx2,tga,convert,,,,,,ahrefs-2026-01
ktx2 to tif,ktx2,tif,convert,,,,,,ahrefs-2026-01
ktx2 to tiff,ktx2,tiff,convert,,,,,,ahrefs-2026-01
ktx2 to webp,ktx2,webp,convert,,,,,,ahrefs-2026-01
ktx2 to xbm,ktx2,xbm,convert,,,,,,ahrefs-2026-01
latex to csv,latex,csv,convert,,,,,,ahrefs-2026-01
latex to excel,latex,excel,convert,,,,,,ahrefs-2026-01
latex to html,latex,html,convert,,,,,,ahrefs-2026-01
latex to jpeg,latex,jpeg,convert,,,,,,ahrefs-2026-01
latex to latex,latex,latex,convert,,,,,,ahrefs-2026-01
latex to markdown,latex,markdown,convert,,,,,,ahrefs-2026-01
latex to pdf,latex,pdf,convert,,,,,,ahrefs-2026-01
latex to png,latex,png,convert,,,,,,ahrefs-2026-01
m2ts to mkv,m2ts,mkv,convert,600,100,0,150,60,ahrefs-2026-01
m2ts to mp4,m2ts,mp4,convert,1100,200,2,350,200,ahrefs-2026-01
m2v to mp4,m2v,mp4,convert,150,20,0,10,10,ahrefs-2026-01
m4a to aac,m4a,aac,convert,350,80,0,50,50,ahrefs-2026-01
m4a to aiff,m4a,aiff,convert,200,90,0,50,50,ahrefs-2026-01
m4a to flac,m4a,flac,convert,1000,300,0,150,100,ahrefs-2026-01
m4a to m4r,m4a,m4r,convert,500,200,0,300,300,ahrefs-2026-01
m4a to mp3,m4a,mp3,convert,258000,62000,28,152000,41000,ahrefs-2026-01
m4a to mp4,m4a,mp4,convert,12000,2900,1,7200,3800,ahrefs-2026-01
m4a to ogg,m4a,ogg,convert,1400,500,1,700,500,ahrefs-2026-01
m4a to wav,m4a,wav,convert,60000,19000,0,31000,10000,ahrefs-2026-01
m4a to wma,m4a,wma,convert,150,50,0,30,30,ahrefs-2026-01
m4b to mp3,m4b,mp3,convert,4400,1500,5,1800,700,ahrefs-2026-01
m4p to mp3,m4p,mp3,convert,3200,1000,3,58000,18000,ahrefs-2026-01
m4r to mp3,m4r,mp3,convert,450,150,0,500,200,ahrefs-2026-01
m4r to wav,m4r,wav,convert,100,50,0,30,30,ahrefs-2026-01
m4v to avi,m4v,avi,convert,150,50,0,40,40,ahrefs-2026-01
m4v to mov,m4v,mov,convert,250,150,1,100,100,ahrefs-2026-01
m4v to mp3,m4v,mp3,convert,900,250,0,2100,450,ahrefs-2026-01
m4v to mp4,m4v,mp4,convert,8200,2100,0,5100,1800,ahrefs-2026-01
mac to gif,mac,gif,convert,,,,,,ahrefs-2026-01
mac to jpeg,mac,jpeg,convert,,,,,,ahrefs-2026-01
mac to jpg,mac,jpg,convert,10,,,,,ahrefs-2026-01
mac to pdf,mac,pdf,convert,20,,,,,ahrefs-2026-01
mac to png,mac,png,convert,30,20,,,,ahrefs-2026-01
mac to svg,mac,svg,convert,,,,,,ahrefs-2026-01
markdown to csv,markdown,csv,convert,,,,,,ahrefs-2026-01
markdown to excel,markdown,excel,convert,,,,,,ahrefs-2026-01
markdown to html,markdown,html,convert,,,,,,ahrefs-2026-01
markdown to jira,markdown,jira,convert,,,,,,ahrefs-2026-01
markdown to jpeg,markdown,jpeg,convert,,,,,,ahrefs-2026-01
markdown to json,markdown,json,convert,,,,,,ahrefs-2026-01
markdown to latex,markdown,latex,convert,,,,,,ahrefs-2026-01
markdown to magic,markdown,magic,convert,,,,,,ahrefs-2026-01
markdown to markdown,markdown,markdown,convert,,,,,,ahrefs-2026-01
markdown to pandasdataframe,markdown,pandasdataframe,convert,,,,,,ahrefs-2026-01
markdown to pdf,markdown,pdf,convert,,,,,,ahrefs-2026-01
markdown to png,markdown,png,convert,,,,,,ahrefs-2026-01
markdown to restructuredtext,markdown,restructuredtext,convert,,,,,,ahrefs-2026-01
markdown to xml,markdown,xml,convert,,,,,,ahrefs-2026-01
md compressor,,,compress,,,,,,tools-planner.csv (removed 2026-10-09)
mediawiki to csv,mediawiki,csv,convert,,,,,,ahrefs-2026-01
midi to mp3,midi,mp3,convert,9600,4100,7,6500,4400,ahrefs-2026-01
midi to wav,midi,wav,convert,800,350,0,250,200,ahrefs-2026-01
mjpeg to mp4,mjpeg,mp4,convert,90,20,,,,ahrefs-2026-01
mkv to av1,mkv,av1,convert,,,,,,ahrefs-2026-01
mkv to avi,mkv,avi,convert,3900,450,1,1700,250,ahrefs-2026-01
mkv to gif,mkv,gif,convert,3800,800,10,1100,350,ahrefs-2026-01
mkv to mov,mkv,mov,convert,4200,1500,1,2000,1100,ahrefs-2026-01
mkv to mp3,mkv,mp3,convert,20000,5200,0,7700,1700,ahrefs-2026-01
mkv to mp4,mkv,mp4,convert,192000,38000,6,117000,27000,ahrefs-2026-01
mkv to ts,mkv,ts,convert,30,10,,,,ahrefs-2026-01
mkv to wav,mkv,wav,convert,1800,600,0,450,250,ahrefs-2026-01
mkv to webm,mkv,webm,convert,450,150,0,80,60,ahrefs-2026-01
mkv to wmv,mkv,wmv,convert,90,20,0,20,20,ahrefs-2026-01
mobi compressor,,,compress,,,,,,tools-planner.csv (removed 2026-10-09)
mobi to azw3,mobi,azw3,convert,700,80,0,100,30,ahrefs-2026-01
mobi to epub,mobi,epub,convert,15000,1800,2,8800,1900,ahrefs-2026-01
mobi to fb2,mobi,fb2,convert,30,,,,,ahrefs-2026-01
mobi to pdf,mobi,pdf,convert,21000,2600,5,12000,1400,ahrefs-2026-01
mod to avi,mod,avi,convert,100,30,0,10,10,ahrefs-2026-01
mod to mov,mod,mov,convert,150,70,0,50,50,ahrefs-2026-01
mod to mp4,mod,mp4,convert,2500,500,2,900,450,ahrefs-2026-01
mod to mpeg,mod,mpeg,convert,,,,,,ahrefs-2026-01
mov to flv,mov,flv,convert,150,50,0,50,30,ahrefs-2026-01
mov to gif,mov,gif,convert,28000,6800,12,22000,7600,ahrefs-2026-01
mov to hevc,mov,hevc,convert,150,30,0,10,10,ahrefs-2026-01
mov to m4a,mov,m4a,convert,250,150,0,80,70,ahrefs-2026-01
mov to m4v,mov,m4v,convert,80,30,0,10,10,ahrefs-2026-01
mov to mjpeg,mov,mjpeg,convert,20,10,,,,ahrefs-2026-01
mov to mkv,mov,mkv,convert,350,60,0,60,30,ahrefs-2026-01
mov to mp3,mov,mp3,convert,42000,16000,3,26000,14000,ahrefs-2026-01
mov to mp4,mov,mp4,convert,292000,52000,12,264000,75000,ahrefs-2026-01
mov to mpeg,mov,mpeg,convert,700,100,2,250,150,ahrefs-2026-01
mov to mpeg2,mov,mpeg2,convert,10,,,,,ahrefs-2026-01
mov to mpg,mov,mpg,convert,300,100,0,90,90,ahrefs-2026-01
mov to mxf,mov,mxf,convert,50,10,,,,ahrefs-2026-01
mov to vob,mov,vob,convert,10,10,,,,ahrefs-2026-01
mov to wav,mov,wav,convert,4200,2100,0,2700,2100,ahrefs-2026-01
mov to webm,mov,webm,convert,3500,700,0,1400,800,ahrefs-2026-01
mov to wmv,mov,wmv,convert,400,150,2,250,200,ahrefs-2026-01
mp2 to mp3,mp2,mp3,convert,600,70,0,300,100,ahrefs-2026-01
mp3 to 8svx,mp3,8svx,convert,,,,,,ahrefs-2026-01
mp3 to aac,mp3,aac,convert,3700,700,3,2300,1000,ahrefs-2026-01
mp3 to aiff,mp3,aiff,convert,1100,350,0,500,350,ahrefs-2026-01
mp3 to amr,mp3,amr,convert,500,40,0,150,20,ahrefs-2026-01
mp3 to au,mp3,au,convert,30,10,,,,ahrefs-2026-01
mp3 to caf,mp3,caf,convert,150,20,,,,ahrefs-2026-01
mp3 to cdda,mp3,cdda,convert,70,20,,,,ahrefs-2026-01
mp3 to dts,mp3,dts,convert,30,,,,,ahrefs-2026-01
mp3 to flac,mp3,flac,convert,3600,700,1,2300,1300,ahrefs-2026-01
mp3 to fssd,mp3,fssd,convert,,,,,,ahrefs-2026-01
mp3 to m4a,mp3,m4a,convert,11000,2900,5,9400,4100,ahrefs-2026-01
mp3 to m4r,mp3,m4r,convert,5100,1700,2,3900,2300,ahrefs-2026-01
mp3 to mp2,mp3,mp2,convert,250,40,0,60,30,ahrefs-2026-01
mp3 to mp4,mp3,mp4,convert,69000,17000,12,54000,11000,ahrefs-2026-01
mp3 to oga,mp3,oga,convert,150,30,1,10,10,ahrefs-2026-01
mp3 to ogg,mp3,ogg,convert,48000,16000,8,37000,21000,ahrefs-2026-01
mp3 to opus,mp3,opus,convert,4500,400,3,400,100,ahrefs-2026-01
mp3 to ra,mp3,ra,convert,10,,,,,ahrefs-2026-01
mp3 to sd2,mp3,sd2,convert,,,,,,ahrefs-2026-01
mp3 to wav,mp3,wav,convert,156000,41000,12,178000,65000,ahrefs-2026-01
mp3 to webm,mp3,webm,convert,500,150,0,150,100,ahrefs-2026-01
mp3 to wma,mp3,wma,convert,1400,200,0,800,300,ahrefs-2026-01
mp4 to 3gp,mp4,3gp,convert,2400,200,3,6800,150,ahrefs-2026-01
mp4 to aac,mp4,aac,convert,700,100,0,200,80,ahrefs-2026-01
mp4 to aiff,mp4,aiff,convert,150,60,0,90,30,ahrefs-2026-01
mp4 to amb,mp4,amb,convert,,,,,,ahrefs-2026-01
mp4 to amr,mp4,amr,convert,100,10,,,,ahrefs-2026-01
mp4 to asf,mp4,asf,convert,100,20,0,10,10,ahrefs-2026-01
mp4 to av1,mp4,av1,convert,250,50,,,,ahrefs-2026-01
mp4 to avchd,mp4,avchd,convert,100,40,0,40,40,ahrefs-2026-01
mp4 to cdda,mp4,cdda,convert,,,,,,ahrefs-2026-01
mp4 to divx,mp4,divx,convert,700,80,0,200,70,ahrefs-2026-01
mp4 to f4v,mp4,f4v,convert,30,10,,,,ahrefs-2026-01
mp4 to flac,mp4,flac,convert,900,300,0,300,150,ahrefs-2026-01
mp4 to flv,mp4,flv,convert,1100,250,3,800,400,ahrefs-2026-01
mp4 to gif,mp4,gif,convert,383000,102000,47,600000,246000,ahrefs-2026-01
mp4 to hevc,mp4,hevc,convert,1300,200,0,350,70,ahrefs-2026-01
mp4 to m2ts,mp4,m2ts,convert,20,10,,,,ahrefs-2026-01
mp4 to m4a,mp4,m4a,convert,3600,700,1,1700,700,ahrefs-2026-01
mp4 to m4r,mp4,m4r,convert,400,150,0,100,90,ahrefs-2026-01
mp4 to m4v,mp4,m4v,convert,800,150,0,100,80,ahrefs-2026-01
mp4 to mjpeg,mp4,mjpeg,convert,250,70,0,70,70,ahrefs-2026-01
mp4 to mkv,mp4,mkv,convert,7000,900,1,5000,900,ahrefs-2026-01
mp4 to mov,mp4,mov,convert,50000,9400,9,57000,16000,ahrefs-2026-01
mp4 to mp2,mp4,mp2,convert,600,200,0,80,50,ahrefs-2026-01
mp4 to mp3,mp4,mp3,convert,934000,156000,53,1320000,250000,ahrefs-2026-01
mp4 to mpeg,mp4,mpeg,convert,3900,450,1,2800,1000,ahrefs-2026-01
mp4 to mpeg2,mp4,mpeg2,convert,600,200,0,250,200,ahrefs-2026-01
mp4 to mpg,mp4,mpg,convert,2300,250,0,1200,250,ahrefs-2026-01
mp4 to mts,mp4,mts,convert,150,20,0,30,10,ahrefs-2026-01
mp4 to mxf,mp4,mxf,convert,300,40,0,20,20,ahrefs-2026-01
mp4 to ogg,mp4,ogg,convert,6700,1900,2,2100,800,ahrefs-2026-01
mp4 to ogv,mp4,ogv,convert,1700,350,1,300,200,ahrefs-2026-01
mp4 to opus,mp4,opus,convert,450,90,,,,ahrefs-2026-01
mp4 to rm,mp4,rm,convert,20,10,,,,ahrefs-2026-01
mp4 to rmvb,mp4,rmvb,convert,70,10,0,20,10,ahrefs-2026-01
mp4 to swf,mp4,swf,convert,600,100,3,250,150,ahrefs-2026-01
mp4 to ts,mp4,ts,convert,350,30,1,300,20,ahrefs-2026-01
mp4 to vob,mp4,vob,convert,600,150,0,350,250,ahrefs-2026-01
mp4 to w64,mp4,w64,convert,,,,,,ahrefs-2026-01
mp4 to wav,mp4,wav,convert,66000,17000,6,33000,9300,ahrefs-2026-01
mp4 to webm,mp4,webm,convert,40000,12000,7,22000,2600,ahrefs-2026-01
mp4 to wma,mp4,wma,convert,350,70,0,60,50,ahrefs-2026-01
mp4 to wmv,mp4,wmv,convert,8600,1500,2,10000,2600,ahrefs-2026-01
mp4 to wtv,mp4,wtv,convert,,,,,,ahrefs-2026-01
mpeg to avi,mpeg,avi,convert,200,60,1,50,50,ahrefs-2026-01
mpeg to gif,mpeg,gif,convert,600,200,16,150,90,ahrefs-2026-01
mpeg to mov,mpeg,mov,convert,450,150,0,100,100,ahrefs-2026-01
mpeg to mp3,mpeg,mp3,convert,55000,4000,3,32000,3100,ahrefs-2026-01
mpeg to mp4,mpeg,mp4,convert,21000,1900,3,18000,4600,ahrefs-2026-01
mpeg to mpeg2,mpeg,mpeg2,convert,,,,,,ahrefs-2026-01
mpeg to wav,mpeg,wav,convert,3600,300,0,1500,200,ahrefs-2026-01
mpeg to wmv,mpeg,wmv,convert,30,10,,,,ahrefs-2026-01
mpeg2 to avi,mpeg2,avi,convert,,,,,,ahrefs-2026-01
mpeg2 to gif,mpeg2,gif,convert,,,,,,ahrefs-2026-01
mpeg2 to mp3,mpeg2,mp3,convert,10,,,,,ahrefs-2026-01
mpeg2 to mp4,mpeg2,mp4,convert,300,70,4,18000,4600,ahrefs-2026-01
mpeg2 to wav,mpeg2,wav,convert,,,,,,ahrefs-2026-01
mpeg2 to wmv,mpeg2,wmv,convert,,,,,,ahrefs-2026-01
mpg to avi,mpg,avi,convert,350,90,0,40,30,ahrefs-2026-01
mpg to gif,mpg,gif,convert,300,150,5,70,70,ahrefs-2026-01
mpg to mov,mpg,mov,convert,600,200,0,150,100,ahrefs-2026-01
mpg to mp3,mpg,mp3,convert,800,60,0,250,60,ahrefs-2026-01
mpg to mp4,mpg,mp4,convert,13000,1800,1,7900,1300,ahrefs-2026-01
mpg to wmv,mpg,wmv,convert,50,30,,,,ahrefs-2026-01
mpv to mp4,mpv,mp4,convert,1100,250,0,300,150,ahrefs-2026-01
mts to mov,mts,mov,convert,600,150,0,150,100,ahrefs-2026-01
mts to mp4,mts,mp4,convert,11000,1000,5,7200,900,ahrefs-2026-01
mxf to mov,mxf,mov,convert,250,90,0,70,70,ahrefs-2026-01
mxf to mp4,mxf,mp4,convert,4700,900,6,2200,700,ahrefs-2026-01
mysql to csv,mysql,csv,convert,,,,,,ahrefs-2026-01
mysql to excel,mysql,excel,convert,,,,,,ahrefs-2026-01
mysql to json,mysql,json,convert,,,,,,ahrefs-2026-01
mysql to sql,mysql,sql,convert,,,,,,ahrefs-2026-01
nef compressor,,,compress,,,,,,tools-planner.csv (removed 2026-10-09)
nef to jpeg,nef,jpeg,convert,1200,200,1,8000,1700,ahrefs-2026-01
nef to jpg,nef,jpg,convert,11000,1700,5,8000,1700,ahrefs-2026-01
nef to nef,nef,nef,convert,,,,,,ahrefs-2026-01
nef to orf,nef,orf,convert,,,,,,ahrefs-2026-01
nef to pam,nef,pam,convert,,,,,,ahrefs-2026-01
nef to pbm,nef,pbm,convert,,,,,,ahrefs-2026-01
nef to pcx,nef,pcx,convert,,,,,,ahrefs-2026-01
nef to pdf,nef,pdf,convert,70,10,,,,ahrefs-2026-01
nef to pgm,nef,pgm,convert,,,,,,ahrefs-2026-01
nef to png,nef,png,convert,2100,300,2,600,150,ahrefs-2026-01
nef to ppm,nef,ppm,convert,,,,,,ahrefs-2026-01
nef to psd,nef,psd,convert,,,,,,ahrefs-2026-01
nef to raf,nef,raf,convert,,,,,,ahrefs-2026-01
nef to rw2,nef,rw2,convert,,,,,,ahrefs-2026-01
nef to svg,nef,svg,convert,,,,,,ahrefs-2026-01
nef to tga,nef,tga,convert,,,,,,ahrefs-2026-01
nef to tif,nef,tif,convert,,,,,,ahrefs-2026-01
nef to tiff,nef,tiff,convert,100,50,0,20,20,ahrefs-2026-01
nef to webp,nef,webp,convert,10,,,,,ahrefs-2026-01
nef to xbm,nef,xbm,convert,,,,,,ahrefs-2026-01
obj compressor,,,compress,,,,,,tools-planner.csv (removed 2026-10-09)
odt to doc,odt,doc,convert,1400,100,1,800,200,ahrefs-2026-01
odt to docx,odt,docx,convert,4900,450,1,2200,500,ahrefs-2026-01
odt to jpg,odt,jpg,convert,1100,60,0,150,30,ahrefs-2026-01
odt to pdf,odt,pdf,convert,46000,3600,4,8600,1700,ahrefs-2026-01
oga to mp3,oga,mp3,convert,2200,400,0,900,500,ahrefs-2026-01
ogg to m4a,ogg,m4a,convert,450,80,0,70,30,ahrefs-2026-01
ogg to mp3,ogg,mp3,convert,102000,14000,8,47000,7000,ahrefs-2026-01
ogg to wav,ogg,wav,convert,12000,1700,0,5600,2200,ahrefs-2026-01
ogv to mp3,ogv,mp3,convert,150,50,0,20,20,ahrefs-2026-01
ogv to mp4,ogv,mp4,convert,900,200,2,250,150,ahrefs-2026-01
opus to m4a,opus,m4a,convert,500,70,0,40,30,ahrefs-2026-01
opus to mp3,opus,mp3,convert,31000,1400,1,14000,1000,ahrefs-2026-01
opus to wav,opus,wav,convert,2200,200,0,450,80,ahrefs-2026-01
orf compressor,,,compress,,,,,,tools-planner.csv (removed 2026-10-09)
orf to jpeg,orf,jpeg,convert,30,10,,,,ahrefs-2026-01
orf to jpg,orf,jpg,convert,600,80,1,50,50,ahrefs-2026-01
orf to orf,orf,orf,convert,,,,,,ahrefs-2026-01
orf to pam,orf,pam,convert,,,,,,ahrefs-2026-01
orf to pbm,orf,pbm,convert,,,,,,ahrefs-2026-01
orf to pcx,orf,pcx,convert,,,,,,ahrefs-2026-01
orf to pdf,orf,pdf,convert,,,,,,ahrefs-2026-01
orf to pgm,orf,pgm,convert,,,,,,ahrefs-2026-01
orf to png,orf,png,convert,70,10,,,,ahrefs-2026-01
orf to ppm,orf,ppm,convert,,,,,,ahrefs-2026-01
orf to raf,orf,raf,convert,,,,,,ahrefs-2026-01
orf to rw2,orf,rw2,convert,,,,,,ahrefs-2026-01
orf to svg,orf,svg,convert,,,,,,ahrefs-2026-01
orf to tga,orf,tga,convert,,,,,,ahrefs-2026-01
orf to tif,orf,tif,convert,,,,,,ahrefs-2026-01
orf to tiff,orf,tiff,convert,,,,,,ahrefs-2026-01
orf to webp,orf,webp,convert,,,,,,ahrefs-2026-01
orf to xbm,orf,xbm,convert,,,,,,ahrefs-2026-01
otf to png,otf,png,convert,100,30,0,20,20,ahrefs-2026-01
otf to ps,otf,ps,convert,,,,,,ahrefs-2026-01
otf to svg,otf,svg,convert,350,100,0,50,50,ahrefs-2026-01
otf to ttf,otf,ttf,convert,13000,1300,7,11000,1800,ahrefs-2026-01
otf to woff,otf,woff,convert,4700,700,4,1900,400,ahrefs-2026-01
oxps to doc,oxps,doc,convert,20,,,,,ahrefs-2026-01
oxps to docx,oxps,docx,convert,30,,,,,ahrefs-2026-01
oxps to pdf,oxps,pdf,convert,8600,400,2,4100,250,ahrefs-2026-01
pages to docx,pages,docx,convert,6900,1400,5,5200,2000,ahrefs-2026-01
pages to pdf,pages,pdf,convert,56000,5900,12,61000,9500,ahrefs-2026-01
pages to word,pages,word,convert,22000,2900,6,25000,5500,ahrefs-2026-01
pam to pam,pam,pam,convert,10,,,,,ahrefs-2026-01
pam to pbm,pam,pbm,convert,,,,,,ahrefs-2026-01
pam to pcx,pam,pcx,convert,,,,,,ahrefs-2026-01
pam to pdf,pam,pdf,convert,,,,,,ahrefs-2026-01
pam to pgm,pam,pgm,convert,,,,,,ahrefs-2026-01
pam to png,pam,png,convert,,,,,,ahrefs-2026-01
pam to ppm,pam,ppm,convert,,,,,,ahrefs-2026-01
pam to raf,pam,raf,convert,,,,,,ahrefs-2026-01
pam to rw2,pam,rw2,convert,,,,,,ahrefs-2026-01
pam to svg,pam,svg,convert,,,,,,ahrefs-2026-01
pam to tga,pam,tga,convert,,,,,,ahrefs-2026-01
pam to tif,pam,tif,convert,,,,,,ahrefs-2026-01
pam to tiff,pam,tiff,convert,,,,,,ahrefs-2026-01
pam to webp,pam,webp,convert,,,,,,ahrefs-2026-01
pam to xbm,pam,xbm,convert,,,,,,ahrefs-2026-01
pbm to pbm,pbm,pbm,convert,,,,,,ahrefs-2026-01
pbm to pcx,pbm,pcx,convert,,,,,,ahrefs-2026-01
pbm to pdf,pbm,pdf,convert,,,,,,ahrefs-2026-01
pbm to pgm,pbm,pgm,convert,,,,,,ahrefs-2026-01
pbm to png,pbm,png,convert,30,10,,,,ahrefs-2026-01
pbm to ppm,pbm,ppm,convert,,,,,,ahrefs-2026-01
pbm to raf,pbm,raf,convert,,,,,,ahrefs-2026-01
pbm to rw2,pbm,rw2,convert,,,,,,ahrefs-2026-01
pbm to svg,pbm,svg,convert,,,,,,ahrefs-2026-01
pbm to tga,pbm,tga,convert,,,,,,ahrefs-2026-01
pbm to tif,pbm,tif,convert,,,,,,ahrefs-2026-01
pbm to tiff,pbm,tiff,convert,,,,,,ahrefs-2026-01
pbm to webp,pbm,webp,convert,,,,,,ahrefs-2026-01
pbm to xbm,pbm,xbm,convert,,,,,,ahrefs-2026-01
pcd to jpg,pcd,jpg,convert,80,20,0,10,10,ahrefs-2026-01
pcs to pdf,pcs,pdf,convert,10,,,,,ahrefs-2026-01
pcx to jpg,pcx,jpg,convert,60,10,,,,ahrefs-2026-01
pcx to pcx,pcx,pcx,convert,,,,,,ahrefs-2026-01
pcx to pdf,pcx,pdf,convert,30,,,,,ahrefs-2026-01
pcx to pgm,pcx,pgm,convert,,,,,,ahrefs-2026-01
pcx to png,pcx,png,convert,100,40,0,10,10,ahrefs-2026-01
pcx to ppm,pcx,ppm,convert,,,,,,ahrefs-2026-01
pcx to raf,pcx,raf,convert,,,,,,ahrefs-2026-01
pcx to rw2,pcx,rw2,convert,,,,,,ahrefs-2026-01
pcx to svg,pcx,svg,convert,,,,,,ahrefs-2026-01
pcx to tga,pcx,tga,convert,,,,,,ahrefs-2026-01
pcx to tif,pcx,tif,convert,,,,,,ahrefs-2026-01
pcx to tiff,pcx,tiff,convert,,,,,,ahrefs-2026-01
pcx to webp,pcx,webp,convert,,,,,,ahrefs-2026-01
pcx to xbm,pcx,xbm,convert,,,,,,ahrefs-2026-01
pdb to xls,pdb,xls,convert,,,,,,ahrefs-2026-01
pdf to azw3,pdf,azw3,convert,3600,350,2,1300,150,ahrefs-2026-01
pdf to bmp,pdf,bmp,convert,3100,400,2,500,250,ahrefs-2026-01
pdf to csv,pdf,csv,convert,21000,4100,4,15000,4400,ahrefs-2026-01
pdf to djvu,pdf,djvu,convert,400,20,30,100,10,ahrefs-2026-01
pdf to docx,pdf,docx,convert,186000,23000,35,85000,31000,ahrefs-2026-01
pdf to dotx,pdf,dotx,convert,20,,,,,ahrefs-2026-01
pdf to eps,pdf,eps,convert,4900,600,0,2600,700,ahrefs-2026-01
pdf to epub,pdf,epub,convert,91000,12000,17,53000,8200,ahrefs-2026-01
pdf to gif,pdf,gif,convert,2300,400,7,900,350,ahrefs-2026-01
pdf to heic,pdf,heic,convert,600,200,0,150,100,ahrefs-2026-01
pdf to html,pdf,html,convert,23000,2900,17,18000,2800,ahrefs-2026-01
pdf to jpeg,pdf,jpeg,convert,531000,35000,68,6240000,297000,ahrefs-2026-01
pdf to mobi,pdf,mobi,convert,21000,2200,6,8900,1700,ahrefs-2026-01
pdf to odt,pdf,odt,convert,7000,250,6,1100,250,ahrefs-2026-01
pdf to pdf,pdf,pdf,convert,115000,2000,83,18550000,306000,ahrefs-2026-01
pdf to pgm,pdf,pgm,convert,,,,,,ahrefs-2026-01
pdf to png,pdf,png,convert,686000,84000,7,699000,125000,ahrefs-2026-01
pdf to ppm,pdf,ppm,convert,50,10,0,,30,ahrefs-2026-01
pdf to ppt,pdf,ppt,convert,611000,27000,24,1080000,70000,ahrefs-2026-01
pdf to psd,pdf,psd,convert,6100,400,0,3100,250,ahrefs-2026-01
pdf to raf,pdf,raf,convert,,,,,,ahrefs-2026-01
pdf to rgb,pdf,rgb,convert,50,10,,,,ahrefs-2026-01
pdf to rtf,pdf,rtf,convert,4500,500,1,500,250,ahrefs-2026-01
pdf to rw2,pdf,rw2,convert,,,,,,ahrefs-2026-01
pdf to svg,pdf,svg,convert,26000,3600,22,14000,3900,ahrefs-2026-01
pdf to text,pdf,text,convert,77000,9600,60,107000,24000,ahrefs-2026-01
pdf to tga,pdf,tga,convert,20,10,,,,ahrefs-2026-01
pdf to tif,pdf,tif,convert,1900,150,2,10000,1500,ahrefs-2026-01
pdf to tiff,pdf,tiff,convert,21000,1600,1,10000,1500,ahrefs-2026-01
pdf to txt,pdf,txt,convert,18000,3600,9,11000,2300,ahrefs-2026-01
pdf to webp,pdf,webp,convert,3000,250,0,600,100,ahrefs-2026-01
pdf to xbm,pdf,xbm,convert,,,,,,ahrefs-2026-01
pdf to xlsx,pdf,xlsx,convert,11000,1100,75,140000,46000,ahrefs-2026-01
pdf to xps,pdf,xps,convert,400,100,0,60,20,ahrefs-2026-01
pdfa compressor,,,compress,,,,,,tools-planner.csv (removed 2026-10-09)
pes to eps,pes,eps,convert,,,,,,ahrefs-2026-01
pes to jpeg,pes,jpeg,convert,,,,,,ahrefs-2026-01
pes to jpg,pes,jpg,convert,20,10,,,,ahrefs-2026-01
pes to pdf,pes,pdf,convert,10,,,,,ahrefs-2026-01
pes to png,pes,png,convert,30,10,,,,ahrefs-2026-01
pes to psd,pes,psd,convert,,,,,,ahrefs-2026-01
pes to svg,pes,svg,convert,20,10,,,,ahrefs-2026-01
pgm to pgm,pgm,pgm,convert,,,,,,ahrefs-2026-01
pgm to png,pgm,png,convert,350,40,0,20,20,ahrefs-2026-01
pgm to ppm,pgm,ppm,convert,,,,,,ahrefs-2026-01
pgm to raf,pgm,raf,convert,,,,,,ahrefs-2026-01
pgm to rgb,pgm,rgb,convert,,,,,,ahrefs-2026-01
pgm to rw2,pgm,rw2,convert,,,,,,ahrefs-2026-01
pgm to svg,pgm,svg,convert,,,,,,ahrefs-2026-01
pgm to tga,pgm,tga,convert,,,,,,ahrefs-2026-01
pgm to tif,pgm,tif,convert,,,,,,ahrefs-2026-01
pgm to tiff,pgm,tiff,convert,,,,,,ahrefs-2026-01
pgm to webp,pgm,webp,convert,,,,,,ahrefs-2026-01
pgm to xbm,pgm,xbm,convert,,,,,,ahrefs-2026-01
plt to pdf,plt,pdf,convert,1100,100,0,100,50,ahrefs-2026-01
png to ai,png,ai,convert,7000,450,3,4300,1000,ahrefs-2026-01
png to avif,png,avif,convert,4700,350,0,1300,200,ahrefs-2026-01
png to bmp,png,bmp,convert,10000,1500,4,7700,2100,ahrefs-2026-01
png to cur,png,cur,convert,4100,800,0,2100,1300,ahrefs-2026-01
png to dds,png,dds,convert,21000,3600,0,11000,2300,ahrefs-2026-01
png to doc,png,doc,convert,2000,350,1,450,100,ahrefs-2026-01
png to docx,png,docx,convert,1700,350,0,400,100,ahrefs-2026-01
png to dot,png,dot,convert,,,,,,ahrefs-2026-01
png to dxf,png,dxf,convert,17000,1700,0,11000,2100,ahrefs-2026-01
png to eps,png,eps,convert,6300,1100,0,5800,2100,ahrefs-2026-01
png to epub,png,epub,convert,1600,400,0,450,350,ahrefs-2026-01
png to gif,png,gif,convert,21000,4200,9,16000,4800,ahrefs-2026-01
png to hdr,png,hdr,convert,600,100,0,350,70,ahrefs-2026-01
png to heic,png,heic,convert,600,200,0,80,70,ahrefs-2026-01
png to ico,png,ico,convert,182000,27000,43,96000,14000,ahrefs-2026-01
png to jpeg,png,jpeg,convert,80000,12000,21,825000,92000,ahrefs-2026-01
png to jpg,png,jpg,convert,711000,63000,50,825000,92000,ahrefs-2026-01
png to pdf,png,pdf,convert,924000,102000,16,452000,128000,ahrefs-2026-01
png to ppm,png,ppm,convert,250,50,0,30,20,ahrefs-2026-01
png to psd,png,psd,convert,4100,400,0,1500,250,ahrefs-2026-01
png to raf,png,raf,convert,,,,,,ahrefs-2026-01
png to rgb,png,rgb,convert,250,70,0,30,30,ahrefs-2026-01
png to rw2,png,rw2,convert,,,,,,ahrefs-2026-01
png to svg,png,svg,convert,226000,39000,60,182000,64000,ahrefs-2026-01
png to text,png,text,convert,19000,1600,60,1440000,123000,ahrefs-2026-01
png to tga,png,tga,convert,3500,500,0,1200,600,ahrefs-2026-01
png to tiff,png,tiff,convert,4100,700,0,2000,900,ahrefs-2026-01
png to txt,png,txt,convert,2700,250,2,1200,250,ahrefs-2026-01
png to webp,png,webp,convert,175000,6600,25,104000,3800,ahrefs-2026-01
png to word,png,word,convert,31000,900,2,9900,700,ahrefs-2026-01
png to xbm,png,xbm,convert,90,10,,,,ahrefs-2026-01
ppm to jpg,ppm,jpg,convert,1100,100,0,200,50,ahrefs-2026-01
ppm to png,ppm,png,convert,1200,200,0,250,90,ahrefs-2026-01
ppm to ppm,ppm,ppm,convert,60,20,,,,ahrefs-2026-01
ppm to raf,ppm,raf,convert,,,,,,ahrefs-2026-01
ppm to rw2,ppm,rw2,convert,,,,,,ahrefs-2026-01
ppm to svg,ppm,svg,convert,,,,,,ahrefs-2026-01
ppm to tga,ppm,tga,convert,,,,,,ahrefs-2026-01
ppm to tif,ppm,tif,convert,,,,,,ahrefs-2026-01
ppm to tiff,ppm,tiff,convert,,,,,,ahrefs-2026-01
ppm to webp,ppm,webp,convert,,,,,,ahrefs-2026-01
ppm to xbm,ppm,xbm,convert,,,,,,ahrefs-2026-01
pps compressor,,,compress,,,,,,tools-planner.csv (removed 2026-10-09)
pps to pdf,pps,pdf,convert,700,100,0,200,40,ahrefs-2026-01
pps to ppt,pps,ppt,convert,500,40,0,200,20,ahrefs-2026-01
ppsx compressor,,,compress,,,,,,tools-planner.csv (removed 2026-10-09)
ppsx to pdf,ppsx,pdf,convert,5900,300,1,2200,150,ahrefs-2026-01
ppsx to ppt,ppsx,ppt,convert,1600,60,0,1000,30,ahrefs-2026-01
ppsx to pptx,ppsx,pptx,convert,2800,200,0,1000,100,ahrefs-2026-01
ppt compressor,,,compress,,,,,,tools-planner.csv (removed 2026-10-09)
ppt to doc,ppt,doc,convert,1200,90,3,48000,1100,ahrefs-2026-01
ppt to docx,ppt,docx,convert,1000,70,0,250,10,ahrefs-2026-01
ppt to html,ppt,html,convert,500,80,3,150,30,ahrefs-2026-01
ppt to jpeg,ppt,jpeg,convert,1700,30,10,13000,350,ahrefs-2026-01
ppt to jpg,ppt,jpg,convert,33000,600,6,15000,350,ahrefs-2026-01
ppt to pdf,ppt,pdf,convert,542000,13000,24,906000,42000,ahrefs-2026-01
ppt to png,ppt,png,convert,4700,250,1,1900,150,ahrefs-2026-01
ppt to ppm,ppt,ppm,convert,1400,300,0,400,100,ahrefs-2026-01
ppt to pps,ppt,pps,convert,40,,,,,ahrefs-2026-01
ppt to pptx,ppt,pptx,convert,3000,350,1,1300,350,ahrefs-2026-01
ppt to txt,ppt,txt,convert,600,50,1,600,80,ahrefs-2026-01
pptm compressor,,,compress,,,,,,tools-planner.csv (removed 2026-10-09)
pptx compressor,,,compress,,,,,,tools-planner.csv (removed 2026-10-09)
pptx to doc,pptx,doc,convert,250,30,0,1100,30,ahrefs-2026-01
pptx to docx,pptx,docx,convert,1300,150,0,350,70,ahrefs-2026-01
pptx to jpeg,pptx,jpeg,convert,600,60,1,3300,200,ahrefs-2026-01
pptx to jpg,pptx,jpg,convert,6900,350,1,3300,200,ahrefs-2026-01
pptx to pdf,pptx,pdf,convert,168000,13000,8,906000,42000,ahrefs-2026-01
pptx to png,pptx,png,convert,2500,300,0,700,150,ahrefs-2026-01
pptx to ppm,pptx,ppm,convert,,,,,,ahrefs-2026-01
pptx to ppsx,pptx,ppsx,convert,200,10,,,,ahrefs-2026-01
pptx to ppt,pptx,ppt,convert,7700,400,1,4600,300,ahrefs-2026-01
pptx to txt,pptx,txt,convert,500,100,0,150,70,ahrefs-2026-01
presentation compressor,,,compress,,,,,,tools-planner.csv (removed 2026-10-09)
ps compressor,,,compress,,,,,,tools-planner.csv (removed 2026-10-09)
ps to eps,ps,eps,convert,40,10,,,,ahrefs-2026-01
ps to jpg,ps,jpg,convert,500,50,0,150,20,ahrefs-2026-01
ps to otf,ps,otf,convert,,,,,,ahrefs-2026-01
ps to pdf,ps,pdf,convert,2600,450,2,1200,500,ahrefs-2026-01
ps to png,ps,png,convert,400,30,0,40,20,ahrefs-2026-01
psd compressor,,,compress,,,,,,tools-planner.csv (removed 2026-10-09)
psd to ai,psd,ai,convert,2200,150,1,900,100,ahrefs-2026-01
psd to eps,psd,eps,convert,350,50,0,80,30,ahrefs-2026-01
psd to fig,psd,fig,convert,60,,,,,ahrefs-2026-01
psd to gif,psd,gif,convert,350,80,0,50,40,ahrefs-2026-01
psd to jpeg,psd,jpeg,convert,2400,350,1,13000,2500,ahrefs-2026-01
psd to jpg,psd,jpg,convert,30000,2400,6,13000,2500,ahrefs-2026-01
psd to pdf,psd,pdf,convert,16000,900,3,9800,900,ahrefs-2026-01
psd to png,psd,png,convert,21000,2900,5,13000,3300,ahrefs-2026-01
psd to rgb,psd,rgb,convert,,,,,,ahrefs-2026-01
psd to svg,psd,svg,convert,2000,300,0,700,200,ahrefs-2026-01
psd to webp,psd,webp,convert,350,20,,,,ahrefs-2026-01
pub to pdf,pub,pdf,convert,4500,1300,7,2300,800,ahrefs-2026-01
qt to mp4,qt,mp4,convert,800,200,0,450,300,ahrefs-2026-01
ra to mp3,ra,mp3,convert,20,10,,,,ahrefs-2026-01
raf compressor,,,compress,,,,,,tools-planner.csv (removed 2026-10-09)
raf to jpeg,raf,jpeg,convert,200,20,0,250,80,ahrefs-2026-01
raf to jpg,raf,jpg,convert,1400,150,0,250,70,ahrefs-2026-01
raf to raf,raf,raf,convert,,,,,,ahrefs-2026-01
raf to rw2,raf,rw2,convert,,,,,,ahrefs-2026-01
raf to svg,raf,svg,convert,,,,,,ahrefs-2026-01
raf to tga,raf,tga,convert,,,,,,ahrefs-2026-01
raf to tif,raf,tif,convert,,,,,,ahrefs-2026-01
raf to tiff,raf,tiff,convert,,,,,,ahrefs-2026-01
raf to webp,raf,webp,convert,,,,,,ahrefs-2026-01
raf to xbm,raf,xbm,convert,,,,,,ahrefs-2026-01
rar compressor,,,compress,,,,,,tools-planner.csv (removed 2026-10-09)
rar to jar,rar,jar,convert,250,40,0,20,20,ahrefs-2026-01
rar to zip,rar,zip,convert,79000,12000,66,51000,15000,ahrefs-2026-01
raw compressor,,,compress,,,,,,tools-planner.csv (removed 2026-10-09)
rgb to rgba,rgb,rgba,convert,250,60,67,39000,6500,ahrefs-2026-01
rgba to rgb,rgba,rgb,convert,300,70,64,100,60,ahrefs-2026-01
rm to mp3,rm,mp3,convert,150,30,0,20,20,ahrefs-2026-01
rm to mp4,rm,mp4,convert,150,70,0,30,30,ahrefs-2026-01
rmvb to mp4,rmvb,mp4,convert,900,100,0,250,70,ahrefs-2026-01
rtf compressor,,,compress,,,,,,tools-planner.csv (removed 2026-10-09)
rtf to csv,rtf,csv,convert,300,80,0,40,40,ahrefs-2026-01
rtf to doc,rtf,doc,convert,600,100,0,300,90,ahrefs-2026-01
rtf to docx,rtf,docx,convert,2400,350,0,800,300,ahrefs-2026-01
rtf to html,rtf,html,convert,300,100,1,100,80,ahrefs-2026-01
rtf to pdf,rtf,pdf,convert,41000,3100,3,12000,2500,ahrefs-2026-01
rtf to txt,rtf,txt,convert,2200,600,0,700,300,ahrefs-2026-01
rtf to word,rtf,word,convert,5000,250,1,1700,200,ahrefs-2026-01
rtf to xls,rtf,xls,convert,50,10,0,50,30,ahrefs-2026-01
rtf to xlsx,rtf,xlsx,convert,50,10,,,,ahrefs-2026-01
rw2 compressor,,,compress,,,,,,tools-planner.csv (removed 2026-10-09)
rw2 to rw2,rw2,rw2,convert,,,,,,ahrefs-2026-01
rw2 to svg,rw2,svg,convert,,,,,,ahrefs-2026-01
rw2 to tga,rw2,tga,convert,,,,,,ahrefs-2026-01
rw2 to tif,rw2,tif,convert,,,,,,ahrefs-2026-01
rw2 to tiff,rw2,tiff,convert,,,,,,ahrefs-2026-01
rw2 to webp,rw2,webp,convert,,,,,,ahrefs-2026-01
rw2 to xbm,rw2,xbm,convert,,,,,,ahrefs-2026-01
sfw to jpeg,sfw,jpeg,convert,,,,,,ahrefs-2026-01
sfw to jpg,sfw,jpg,convert,10,,,,,ahrefs-2026-01
shn to flac,shn,flac,convert,20,10,0,20,20,ahrefs-2026-01
shn to mp3,shn,mp3,convert,70,60,0,40,40,ahrefs-2026-01
sk to dxf,sk,dxf,convert,,,,,,ahrefs-2026-01
sk to html,sk,html,convert,,,,,,ahrefs-2026-01
sk to jpg,sk,jpg,convert,,,,,,ahrefs-2026-01
spreadsheet compressor,,,compress,,,,,,tools-planner.csv (removed 2026-10-09)
spx to mp3,spx,mp3,convert,10,,,,,ahrefs-2026-01
sql compressor,,,compress,,,,,,tools-planner.csv (removed 2026-10-09)
sql to csv,sql,csv,convert,,,,,,ahrefs-2026-01
sql to excel,sql,excel,convert,,,,,,ahrefs-2026-01
sql to html,sql,html,convert,,,,,,ahrefs-2026-01
sql to json,sql,json,convert,,,,,,ahrefs-2026-01
sql to pdf,sql,pdf,convert,,,,,,ahrefs-2026-01
sql to sql,sql,sql,convert,,,,,,ahrefs-2026-01
sql to xml,sql,xml,convert,,,,,,ahrefs-2026-01
sqlite compressor,,,compress,,,,,,tools-planner.csv (removed 2026-10-09)
stl compressor,,,compress,,,,,,tools-planner.csv (removed 2026-10-09)
svg to ai,svg,ai,convert,3600,300,0,1500,350,ahrefs-2026-01
svg to dxf,svg,dxf,convert,11000,3100,1,7800,3300,ahrefs-2026-01
svg to emf,svg,emf,convert,1200,200,1,450,250,ahrefs-2026-01
svg to eps,svg,eps,convert,5900,800,0,3000,800,ahrefs-2026-01
svg to gif,svg,gif,convert,2200,300,1,600,150,ahrefs-2026-01
svg to html,svg,html,convert,1100,150,11,2000,300,ahrefs-2026-01
svg to ico,svg,ico,convert,16000,1600,1,9000,1500,ahrefs-2026-01
svg to jpeg,svg,jpeg,convert,4900,700,8,24000,4200,ahrefs-2026-01
svg to jpg,svg,jpg,convert,41000,4900,6,24000,4200,ahrefs-2026-01
svg to otf,svg,otf,convert,50,10,,,,ahrefs-2026-01
svg to pdf,svg,pdf,convert,21000,2300,2,9700,2100,ahrefs-2026-01
svg to png,svg,png,convert,275000,36000,23,255000,27000,ahrefs-2026-01
svg to svg,svg,svg,convert,800,90,55,1200,150,ahrefs-2026-01
svg to tga,svg,tga,convert,20,10,,,,ahrefs-2026-01
svg to tif,svg,tif,convert,50,10,,,,ahrefs-2026-01
svg to tiff,svg,tiff,convert,600,100,0,30,20,ahrefs-2026-01
svg to ttf,svg,ttf,convert,500,80,0,60,40,ahrefs-2026-01
svg to webp,svg,webp,convert,8200,400,1,,,ahrefs-2026-01
svg to xbm,svg,xbm,convert,,,,,,ahrefs-2026-01
swf to avi,swf,avi,convert,150,40,1,20,20,ahrefs-2026-01
swf to flv,swf,flv,convert,50,30,0,20,20,ahrefs-2026-01
swf to gif,swf,gif,convert,350,100,1,150,150,ahrefs-2026-01
swf to mov,swf,mov,convert,90,60,0,30,30,ahrefs-2026-01
swf to mp4,swf,mp4,convert,3300,600,2,2700,1000,ahrefs-2026-01
tar compressor,,,compress,,,,,,tools-planner.csv (removed 2026-10-09)
tar to tgz,tar,tgz,convert,10,,,,,ahrefs-2026-01
tar to zip,tar,zip,convert,800,100,0,200,60,ahrefs-2026-01
tga to jpg,tga,jpg,convert,1100,250,1,350,300,ahrefs-2026-01
tga to png,tga,png,convert,4300,1100,1,1900,1100,ahrefs-2026-01
tga to tga,tga,tga,convert,,,,,,ahrefs-2026-01
tga to tif,tga,tif,convert,,,,,,ahrefs-2026-01
tga to tiff,tga,tiff,convert,,,,,,ahrefs-2026-01
tga to webp,tga,webp,convert,,,,,,ahrefs-2026-01
tga to xbm,tga,xbm,convert,,,,,,ahrefs-2026-01
tgz compressor,,,compress,,,,,,tools-planner.csv (removed 2026-10-09)
tgz to tar,tgz,tar,convert,,,,,,ahrefs-2026-01
tgz to zip,tgz,zip,convert,250,40,0,50,20,ahrefs-2026-01
tif to jpg,tif,jpg,convert,22000,2200,2,12000,1500,ahrefs-2026-01
tif to png,tif,png,convert,9200,1600,1,9800,3600,ahrefs-2026-01
tif to tif,tif,tif,convert,,,,,,ahrefs-2026-01
tif to tiff,tif,tiff,convert,150,20,0,10,10,ahrefs-2026-01
tif to webp,tif,webp,convert,150,20,,,,ahrefs-2026-01
tif to xbm,tif,xbm,convert,,,,,,ahrefs-2026-01
tiff to doc,tiff,doc,convert,60,20,0,350,10,ahrefs-2026-01
tiff to docx,tiff,docx,convert,10,,0,0,0,ahrefs-2026-01
tiff to eps,tiff,eps,convert,150,30,0,20,20,ahrefs-2026-01
tiff to gif,tiff,gif,convert,250,70,0,40,40,ahrefs-2026-01
tiff to jpeg,tiff,jpeg,convert,2600,400,2,14000,3600,ahrefs-2026-01
tiff to jpg,tiff,jpg,convert,22000,3200,2,15000,3700,ahrefs-2026-01
tiff to pdf,tiff,pdf,convert,58000,4000,1,66000,6500,ahrefs-2026-01
tiff to png,tiff,png,convert,7700,1500,3,9800,3600,ahrefs-2026-01
tiff to svg,tiff,svg,convert,450,100,0,80,70,ahrefs-2026-01
tiff to tiff,tiff,tiff,convert,20,,,,,ahrefs-2026-01
tiff to webp,tiff,webp,convert,250,40,,,,ahrefs-2026-01
tiff to xbm,tiff,xbm,convert,,,,,,ahrefs-2026-01
ts to mkv,ts,mkv,convert,200,20,0,10,10,ahrefs-2026-01
ts to mp4,ts,mp4,convert,14000,1500,4,13000,1400,ahrefs-2026-01
ttf to otf,ttf,otf,convert,4200,500,7,2400,700,ahrefs-2026-01
ttf to png,ttf,png,convert,500,100,0,60,60,ahrefs-2026-01
ttf to svg,ttf,svg,convert,1700,500,0,500,350,ahrefs-2026-01
ttf to tiff,ttf,tiff,convert,,,,,,ahrefs-2026-01
ttf to woff,ttf,woff,convert,8900,800,3,5700,800,ahrefs-2026-01
txt compressor,,,compress,,,,,,tools-planner.csv (removed 2026-10-09)
txt to csv,txt,csv,convert,7600,1300,0,4100,800,ahrefs-2026-01
txt to doc,txt,doc,convert,600,100,0,1500,150,ahrefs-2026-01
txt to docx,txt,docx,convert,1400,200,0,450,150,ahrefs-2026-01
txt to epub,txt,epub,convert,3200,450,1,1400,300,ahrefs-2026-01
txt to html,txt,html,convert,1100,250,0,350,100,ahrefs-2026-01
txt to jpeg,txt,jpeg,convert,200,30,0,70,20,ahrefs-2026-01
txt to jpg,txt,jpg,convert,1200,100,0,800,150,ahrefs-2026-01
txt to pdf,txt,pdf,convert,42000,3800,5,25000,4200,ahrefs-2026-01
txt to png,txt,png,convert,700,150,0,200,80,ahrefs-2026-01
txt to ppt,txt,ppt,convert,150,10,,,,ahrefs-2026-01
txt to rtf,txt,rtf,convert,80,20,0,10,10,ahrefs-2026-01
txt to svg,txt,svg,convert,200,30,0,100,60,ahrefs-2026-01
txt to word,txt,word,convert,4400,150,0,3300,200,ahrefs-2026-01
txt to xls,txt,xls,convert,200,20,3,150,10,ahrefs-2026-01
txt to xlsx,txt,xlsx,convert,900,100,2,8800,350,ahrefs-2026-01
video to gif,video,gif,convert,259000,75000,37,600000,246000,ahrefs-2026-01
vob to ac3,vob,ac3,convert,,,,,,ahrefs-2026-01
vob to avi,vob,avi,convert,300,40,1,80,70,ahrefs-2026-01
vob to mkv,vob,mkv,convert,200,60,0,30,30,ahrefs-2026-01
vob to mov,vob,mov,convert,90,30,0,40,40,ahrefs-2026-01
vob to mp3,vob,mp3,convert,200,60,0,30,30,ahrefs-2026-01
vob to mp4,vob,mp4,convert,11000,1800,10,6200,1900,ahrefs-2026-01
vob to mpeg,vob,mpeg,convert,70,20,1,10,10,ahrefs-2026-01
vob to mpeg2,vob,mpeg2,convert,,,,,,ahrefs-2026-01
vob to mpg,vob,mpg,convert,70,20,0,40,40,ahrefs-2026-01
vsd to pdf,vsd,pdf,convert,1400,150,0,600,150,ahrefs-2026-01
wav to 8svx,wav,8svx,convert,,,,,,ahrefs-2026-01
wav to aac,wav,aac,convert,400,100,0,100,100,ahrefs-2026-01
wav to aiff,wav,aiff,convert,400,150,0,100,100,ahrefs-2026-01
wav to amr,wav,amr,convert,20,10,,,,ahrefs-2026-01
wav to cdda,wav,cdda,convert,10,,0,0,0,ahrefs-2026-01
wav to flac,wav,flac,convert,2300,600,1,900,500,ahrefs-2026-01
wav to m4a,wav,m4a,convert,1700,600,0,800,700,ahrefs-2026-01
wav to m4r,wav,m4r,convert,200,100,0,80,80,ahrefs-2026-01
wav to mp3,wav,mp3,convert,189000,48000,16,101000,27000,ahrefs-2026-01
wav to ogg,wav,ogg,convert,5900,2700,0,3900,3000,ahrefs-2026-01
wav to opus,wav,opus,convert,100,30,,,,ahrefs-2026-01
wav to wma,wav,wma,convert,100,50,0,20,20,ahrefs-2026-01
webm to avi,webm,avi,convert,350,90,0,100,80,ahrefs-2026-01
webm to gif,webm,gif,convert,20000,6600,9,14000,5500,ahrefs-2026-01
webm to mjpeg,webm,mjpeg,convert,,,,,,ahrefs-2026-01
webm to mkv,webm,mkv,convert,200,50,2,30,20,ahrefs-2026-01
webm to mov,webm,mov,convert,1900,700,3,600,400,ahrefs-2026-01
webm to mp3,webm,mp3,convert,14000,3200,3,9100,3400,ahrefs-2026-01
webm to mp4,webm,mp4,convert,173000,35000,17,107000,19000,ahrefs-2026-01
webm to wav,webm,wav,convert,700,300,0,200,150,ahrefs-2026-01
webp to doc,webp,doc,convert,10,,,,,ahrefs-2026-01
webp to gif,webp,gif,convert,112000,33000,7,108000,43000,ahrefs-2026-01
webp to ico,webp,ico,convert,6100,900,0,1300,400,ahrefs-2026-01
webp to jpeg,webp,jpeg,convert,74000,10000,34,396000,122000,ahrefs-2026-01
webp to jpg,webp,jpg,convert,1340000,121000,34,396000,122000,ahrefs-2026-01
webp to pdf,webp,pdf,convert,17000,2600,0,4900,1200,ahrefs-2026-01
webp to png,webp,png,convert,1140000,193000,9,566000,86000,ahrefs-2026-01
webp to psd,webp,psd,convert,350,20,,,,ahrefs-2026-01
webp to svg,webp,svg,convert,11000,1600,0,2800,800,ahrefs-2026-01
webp to webp,webp,webp,convert,150,10,,,,ahrefs-2026-01
webp to xbm,webp,xbm,convert,,,,,,ahrefs-2026-01
webpage to jpg,webpage,jpg,convert,7200,700,33,3200,700,ahrefs-2026-01
website to html,website,html,convert,450,200,33,300,150,ahrefs-2026-01
wma to aiff,wma,aiff,convert,10,10,0,,,ahrefs-2026-01
wma to flac,wma,flac,convert,50,20,,,,ahrefs-2026-01
wma to m4a,wma,m4a,convert,100,30,0,20,20,ahrefs-2026-01
wma to mp3,wma,mp3,convert,15000,3000,4,9300,4000,ahrefs-2026-01
wma to wav,wma,wav,convert,900,250,0,450,300,ahrefs-2026-01
wmf to pdf,wmf,pdf,convert,100,10,0,0,0,ahrefs-2026-01
wmv to avi,wmv,avi,convert,350,100,0,70,60,ahrefs-2026-01
wmv to gif,wmv,gif,convert,800,200,4,250,80,ahrefs-2026-01
wmv to mkv,wmv,mkv,convert,40,10,,,,ahrefs-2026-01
wmv to mov,wmv,mov,convert,600,250,4,250,150,ahrefs-2026-01
wmv to mp3,wmv,mp3,convert,1400,300,1,600,200,ahrefs-2026-01
wmv to mp4,wmv,mp4,convert,31000,5100,6,28000,7000,ahrefs-2026-01
wmv to mpeg,wmv,mpeg,convert,80,20,1,20,20,ahrefs-2026-01
wmv to mpeg2,wmv,mpeg2,convert,,,,,,ahrefs-2026-01
wmv to mpg,wmv,mpg,convert,90,40,0,10,10,ahrefs-2026-01
woff to otf,woff,otf,convert,2000,350,0,600,150,ahrefs-2026-01
woff to ttf,woff,ttf,convert,5800,700,4,3200,450,ahrefs-2026-01
word to jpeg,word,jpeg,convert,41000,1000,2,70000,2600,ahrefs-2026-01
word to jpg,word,jpg,convert,423000,4100,41,342000,9000,ahrefs-2026-01
wpg to docx,wpg,docx,convert,,,,,,ahrefs-2026-01
wpg to jpeg,wpg,jpeg,convert,20,10,,,,ahrefs-2026-01
wpg to jpg,wpg,jpg,convert,300,30,0,60,20,ahrefs-2026-01
wps to doc,wps,doc,convert,200,50,22,1000,90,ahrefs-2026-01
wps to docx,wps,docx,convert,200,50,0,40,30,ahrefs-2026-01
wps to pdf,wps,pdf,convert,18000,250,33,6700,100,ahrefs-2026-01
wps to word,wps,word,convert,11000,80,14,4800,200,ahrefs-2026-01
wtv to mp4,wtv,mp4,convert,10,10,,,,ahrefs-2026-01
xbm to xbm,xbm,xbm,convert,,,,,,ahrefs-2026-01
xcf to jpeg,xcf,jpeg,convert,100,20,0,700,250,ahrefs-2026-01
xcf to jpg,xcf,jpg,convert,2300,350,1,700,250,ahrefs-2026-01
xcf to pdf,xcf,pdf,convert,700,100,0,150,70,ahrefs-2026-01
xcf to png,xcf,png,convert,2700,600,0,1100,450,ahrefs-2026-01
xcf to svg,xcf,svg,convert,150,30,0,20,20,ahrefs-2026-01
xls to csv,xls,csv,convert,9100,900,9,23000,1600,ahrefs-2026-01
xls to doc,xls,doc,convert,300,40,20,4300,40,ahrefs-2026-01
xls to docx,xls,docx,convert,150,10,,,,ahrefs-2026-01
xls to html,xls,html,convert,250,40,1,600,70,ahrefs-2026-01
xls to jpeg,xls,jpeg,convert,70,,,,,ahrefs-2026-01
xls to jpg,xls,jpg,convert,2700,80,3,36000,200,ahrefs-2026-01
xls to png,xls,png,convert,200,10,,,,ahrefs-2026-01
xls to ppt,xls,ppt,convert,30,,,,,ahrefs-2026-01
xls to pptx,xls,pptx,convert,,,,,,ahrefs-2026-01
xls to tiff,xls,tiff,convert,,,,,,ahrefs-2026-01
xls to txt,xls,txt,convert,150,20,0,600,50,ahrefs-2026-01
xls to xlsx,xls,xlsx,convert,10000,500,1,6900,600,ahrefs-2026-01
xlsx compressor,,,compress,,,,,,tools-planner.csv (removed 2026-10-09)
xlsx to csv,xlsx,csv,convert,26000,2600,3,14000,1300,ahrefs-2026-01
xlsx to doc,xlsx,doc,convert,200,20,0,800,30,ahrefs-2026-01
xlsx to docx,xlsx,docx,convert,700,50,0,200,30,ahrefs-2026-01
xlsx to html,xlsx,html,convert,200,30,0,20,10,ahrefs-2026-01
xlsx to jpg,xlsx,jpg,convert,2800,90,0,1600,40,ahrefs-2026-01
xlsx to pdf,xlsx,pdf,convert,64000,2800,34,1450000,16000,ahrefs-2026-01
xlsx to png,xlsx,png,convert,500,50,0,20,20,ahrefs-2026-01
xlsx to tiff,xlsx,tiff,convert,,,,,,ahrefs-2026-01
xlsx to txt,xlsx,txt,convert,1000,150,0,150,50,ahrefs-2026-01
xlsx to xls,xlsx,xls,convert,10000,500,0,7000,500,ahrefs-2026-01
xml compressor,,,compress,,,,,,tools-planner.csv (removed 2026-10-09)
xml to csv,xml,csv,convert,,,,,,ahrefs-2026-01
xml to excel,xml,excel,convert,,,,,,ahrefs-2026-01
xml to html,xml,html,convert,1900,250,2,300,150,ahrefs-2026-01
xml to jpeg,xml,jpeg,convert,,,,,,ahrefs-2026-01
xml to markdown,xml,markdown,convert,,,,,,ahrefs-2026-01
xml to pdf,xml,pdf,convert,31000,1300,2,13000,1200,ahrefs-2026-01
xml to png,xml,png,convert,,,,,,ahrefs-2026-01
xml to restructuredtext,xml,restructuredtext,convert,,,,,,ahrefs-2026-01
xml to sql,xml,sql,convert,,,,,,ahrefs-2026-01
xml to xml,xml,xml,convert,,,,,,ahrefs-2026-01
xpm to jpeg,xpm,jpeg,convert,,,,,,ahrefs-2026-01
xpm to jpg,xpm,jpg,convert,20,,,,,ahrefs-2026-01
xps to doc,xps,doc,convert,100,20,0,700,20,ahrefs-2026-01
xps to docx,xps,docx,convert,40,10,,,,ahrefs-2026-01
xps to jpeg,xps,jpeg,convert,700,10,1,7200,80,ahrefs-2026-01
xps to jpg,xps,jpg,convert,23000,80,1,7200,80,ahrefs-2026-01
xps to pdf,xps,pdf,convert,90000,1100,4,35000,700,ahrefs-2026-01
xps to xls,xps,xls,convert,100,20,,,,ahrefs-2026-01
xps to xlsx,xps,xlsx,convert,80,20,,,,ahrefs-2026-01
xz compressor,,,compress,,,,,,tools-planner.csv (removed 2026-10-09)
yaml compressor,,,compress,,,,,,tools-planner.csv (removed 2026-10-09)
yml compressor,,,compress,,,,,,tools-planner.csv (removed 2026-10-09)
youtube to avi,youtube,avi,convert,4800,600,3,800,700,ahrefs-2026-01
zip compressor,,,compress,,,,,,tools-planner.csv (removed 2026-10-09)
zip to 7z,zip,7z,convert,250,80,1,40,40,ahrefs-2026-01
zip to jar,zip,jar,convert,1900,400,0,800,500,ahrefs-2026-01
zip to rar,zip,rar,convert,4300,300,57,2200,200,ahrefs-2026-01
zip to tar,zip,tar,convert,450,80,0,100,50,ahrefs-2026-01
zip to tgz,zip,tgz,convert,100,20,0,20,10,ahrefs-2026-01
zipx compressor,,,compress,,,,,,tools-planner.csv (removed 2026-10-09)
zst compressor,,,compress,,,,,,tools-planner.csv (removed 2026-10-09)
